EmployeeID,Name,Department,JobRole,HireDate,Gender,Salary,ManagerID,ReviewID,ReviewDate,PerformanceScore,TrainingHours,Promotion,Attrition,HireYear,HireMonth
1,Employee 1,HR,Analyst,2018-03-22,M,80505,38,1,2025-06-30,5.0,23,Yes,No,2018,March
2,Employee 2,HR,Associate,2023-10-16,F,77368,29,2,2025-06-30,3.0546511627906976,61,No,No,2023,October
3,Employee 3,IT,Analyst,2023-07-09,M,33198,63,3,2025-06-30,5.0,75,Yes,No,2023,July
4,Employee 4,Sales,Analyst,2022-12-18,M,87655,78,4,2025-06-30,1.0,65,No,No,2022,December
5,Employee 5,Finance,Executive,2022-05-24,F,28962,13,5,2025-06-30,2.0,7,Yes,Yes,2022,May
6,Employee 6,Marketing,Analyst,2021-04-10,M,139402,31,6,2025-06-30,1.0,59,No,No,2021,April
7,Employee 7,Marketing,Manager,2019-10-21,M,129507,55,7,2025-06-30,4.0,59,Yes,Yes,2019,October
8,Employee 8,Marketing,Manager,2018-08-18,M,100397,37,8,2025-06-30,1.0,43,No,No,2018,August
9,Employee 9,Sales,Associate,2023-03-10,F,45399,78,9,2025-06-30,1.0,65,No,Yes,2023,March
10,Employee 10,Finance,Associate,2024-09-28,M,50803,31,10,2025-06-30,3.0546511627906976,4,Yes,No,2024,September
11,Employee 11,HR,Executive,2023-06-19,M,34928,50,11,2025-06-30,3.0,14,No,Yes,2023,June
12,Employee 12,Finance,Associate,2018-06-01,F,30359,66,12,2025-06-30,3.0,76,Yes,Yes,2018,June
13,Employee 13,Sales,Analyst,2018-06-18,M,120803,94,13,2025-06-30,3.0546511627906976,1,No,No,2018,June
14,Employee 14,Marketing,Analyst,2019-10-03,F,61744,38,14,2025-06-30,2.0,29,Yes,No,2019,October
15,Employee 15,IT,Associate,2022-07-19,F,89091,54,15,2025-06-30,1.0,55,Yes,Yes,2022,July
16,Employee 16,Sales,Associate,2024-01-19,M,137624,13,16,2025-06-30,1.0,40,Yes,No,2024,January
17,Employee 17,IT,Associate,2024-10-18,M,72804,54,17,2025-06-30,3.0,35,No,Yes,2024,October
18,Employee 18,Sales,Manager,2019-11-02,F,94255,50,18,2025-06-30,1.0,19,No,Yes,2019,November
19,Employee 19,Finance,Executive,2018-12-19,F,142055,7,19,2025-06-30,4.0,41,No,Yes,2018,December
20,Employee 20,IT,Analyst,2023-06-09,F,50690,84,20,2025-06-30,2.0,1,No,Yes,2023,June
21,Employee 21,IT,Associate,2021-08-09,F,85539,50,21,2025-06-30,2.0,34,Yes,Yes,2021,August
22,Employee 22,Sales,Associate,2018-08-14,F,28326,26,22,2025-06-30,1.0,9,Yes,Yes,2018,August
23,Employee 23,IT,Analyst,2019-07-23,M,120098,74,23,2025-06-30,3.0,54,No,No,2019,July
24,Employee 24,Sales,Analyst,2022-06-08,F,26626,80,24,2025-06-30,5.0,70,Yes,Yes,2022,June
25,Employee 25,HR,Analyst,2023-02-25,M,125460,26,25,2025-06-30,3.0546511627906976,78,No,Yes,2023,February
26,Employee 26,Finance,Associate,2023-10-08,M,72856,27,26,2025-06-30,2.0,16,No,Yes,2023,October
27,Employee 27,HR,Executive,2019-05-27,F,32312,25,27,2025-06-30,5.0,23,Yes,No,2019,May
28,Employee 28,HR,Analyst,2023-09-27,F,31185,3,28,2025-06-30,2.0,8,No,Yes,2023,September
29,Employee 29,Marketing,Executive,2020-05-29,F,97079,49,29,2025-06-30,5.0,0,Yes,Yes,2020,May
30,Employee 30,Finance,Associate,2020-09-07,M,62239,89,30,2025-06-30,2.0,54,No,Yes,2020,September
31,Employee 31,Finance,Analyst,2019-12-17,M,141780,9,31,2025-06-30,1.0,45,Yes,No,2019,December
32,Employee 32,Marketing,Associate,2022-06-30,M,119409,96,32,2025-06-30,3.0,54,Yes,No,2022,June
33,Employee 33,HR,Analyst,2023-01-23,F,81781,73,33,2025-06-30,5.0,68,No,No,2023,January
34,Employee 34,Sales,Executive,2018-11-18,F,38366,50,34,2025-06-30,2.0,30,Yes,No,2018,November
35,Employee 35,Finance,Associate,2018-04-05,F,119013,93,35,2025-06-30,3.0,74,Yes,No,2018,April
36,Employee 36,IT,Analyst,2022-05-15,M,124918,54,36,2025-06-30,3.0546511627906976,42,Yes,No,2022,May
37,Employee 37,HR,Associate,2019-11-08,F,149228,97,37,2025-06-30,4.0,74,Yes,No,2019,November
38,Employee 38,Marketing,Manager,2018-08-08,F,30737,53,38,2025-06-30,3.0546511627906976,76,Yes,No,2018,August
39,Employee 39,Finance,Analyst,2020-08-20,F,60414,15,39,2025-06-30,3.0,8,Yes,Yes,2020,August
40,Employee 40,Sales,Manager,2024-07-05,F,130497,14,40,2025-06-30,1.0,67,Yes,No,2024,July
41,Employee 41,HR,Analyst,2021-01-24,F,33908,41,41,2025-06-30,4.0,27,Yes,Yes,2021,January
42,Employee 42,IT,Manager,2020-11-20,F,75054,78,42,2025-06-30,4.0,40,Yes,No,2020,November
43,Employee 43,Marketing,Analyst,2020-04-13,F,43878,40,43,2025-06-30,4.0,52,No,Yes,2020,April
44,Employee 44,HR,Associate,2020-10-22,M,49735,22,44,2025-06-30,3.0,30,No,Yes,2020,October
45,Employee 45,Finance,Associate,2022-03-26,M,131740,14,45,2025-06-30,3.0,7,Yes,Yes,2022,March
46,Employee 46,Marketing,Analyst,2023-12-09,M,26445,81,46,2025-06-30,3.0,55,Yes,No,2023,December
47,Employee 47,IT,Associate,2019-06-02,M,45636,67,47,2025-06-30,3.0546511627906976,75,No,Yes,2019,June
48,Employee 48,Sales,Executive,2021-05-25,F,135930,51,48,2025-06-30,3.0,8,No,No,2021,May
49,Employee 49,IT,Manager,2022-08-24,F,28712,85,49,2025-06-30,3.0546511627906976,44,Yes,Yes,2022,August
50,Employee 50,Finance,Manager,2019-12-21,F,53276,26,50,2025-06-30,4.0,37,Yes,Yes,2019,December
51,Employee 51,Marketing,Executive,2019-10-28,F,89225,1,51,2025-06-30,3.0,43,No,No,2019,October
52,Employee 52,IT,Associate,2022-04-04,M,64145,62,52,2025-06-30,2.0,70,Yes,Yes,2022,April
53,Employee 53,IT,Executive,2018-05-01,F,86789,42,53,2025-06-30,1.0,29,No,No,2018,May
54,Employee 54,HR,Analyst,2021-10-20,M,50026,3,54,2025-06-30,1.0,16,Yes,Yes,2021,October
55,Employee 55,Finance,Executive,2018-01-09,F,118211,3,55,2025-06-30,5.0,67,Yes,Yes,2018,January
56,Employee 56,Sales,Associate,2021-02-05,M,111102,30,56,2025-06-30,3.0,13,Yes,No,2021,February
57,Employee 57,Marketing,Manager,2024-01-20,M,97346,47,57,2025-06-30,3.0,46,No,Yes,2024,January
58,Employee 58,IT,Associate,2023-09-08,M,115865,61,58,2025-06-30,3.0,28,No,No,2023,September
59,Employee 59,HR,Manager,2018-03-29,F,145715,74,59,2025-06-30,3.0,0,Yes,No,2018,March
60,Employee 60,HR,Associate,2023-09-15,F,31635,50,60,2025-06-30,5.0,56,Yes,Yes,2023,September
61,Employee 61,IT,Analyst,2019-02-02,F,37519,11,61,2025-06-30,2.0,76,No,Yes,2019,February
62,Employee 62,HR,Executive,2022-03-19,M,130649,19,62,2025-06-30,2.0,14,Yes,No,2022,March
63,Employee 63,Sales,Manager,2021-02-24,M,75747,30,63,2025-06-30,2.0,65,Yes,Yes,2021,February
64,Employee 64,Finance,Associate,2021-11-27,M,65362,72,64,2025-06-30,3.0,51,No,No,2021,November
65,Employee 65,Sales,Manager,2021-10-12,M,129346,63,65,2025-06-30,3.0546511627906976,51,No,No,2021,October
66,Employee 66,Marketing,Analyst,2021-11-15,M,28888,6,66,2025-06-30,2.0,37,Yes,No,2021,November
67,Employee 67,HR,Executive,2022-08-19,F,43974,89,67,2025-06-30,5.0,54,Yes,Yes,2022,August
68,Employee 68,HR,Associate,2022-01-25,F,63678,32,68,2025-06-30,2.0,54,Yes,No,2022,January
69,Employee 69,Marketing,Manager,2019-03-02,F,143498,59,69,2025-06-30,4.0,0,No,Yes,2019,March
70,Employee 70,Sales,Analyst,2021-05-14,M,51208,98,70,2025-06-30,3.0546511627906976,71,Yes,Yes,2021,May
71, Employee 71 ,Marketing,Executive,2024-02-06,M,120642,54,71,2025-06-30,5.0,59,No,No,2024,February
72,Employee 72,Marketing,Analyst,2021-03-09,M,73663,40,72,2025-06-30,3.0,21,Yes,Yes,2021,March
73,Employee 73,IT,Executive,2019-01-29,M,34643,83,73,2025-06-30,4.0,35,No,No,2019,January
74,Employee 74,Finance,Executive,2020-12-16,M,110719,73,74,2025-06-30,3.0,67,No,Yes,2020,December
75,Employee 75,Sales,Executive,2019-06-30,F,104870,20,75,2025-06-30,4.0,80,Yes,Yes,2019,June
76,Employee 76,HR,Analyst,2023-07-15,F,41469,46,76,2025-06-30,4.0,56,No,Yes,2023,July
77,Employee 77,Finance,Manager,2022-06-02,M,63189,24,77,2025-06-30,1.0,63,No,Yes,2022,June
78,Employee 78,IT,Analyst,2024-10-08,F,140252,99,78,2025-06-30,3.0,74,No,Yes,2024,October
79,Employee 79,IT,Analyst,2022-12-15,M,127768,65,79,2025-06-30,3.0546511627906976,71,Yes,No,2022,December
80,Employee 80,Marketing,Analyst,2022-11-02,F,37748,85,80,2025-06-30,2.0,4,No,Yes,2022,November
81,Employee 81,IT,Associate,2022-12-16,M,116277,16,81,2025-06-30,1.0,64,No,Yes,2022,December
82,Employee 82,Marketing,Analyst,2021-09-01,F,85127,15,82,2025-06-30,2.0,54,Yes,No,2021,September
83,Employee 83,Finance,Manager,2023-09-12,M,112786,70,83,2025-06-30,3.0,63,Yes,No,2023,September
84,Employee 84,IT,Associate,2021-08-03,F,95960,41,84,2025-06-30,2.0,60,No,No,2021,August
85,Employee 85,IT,Analyst,2021-12-07,M,103529,73,85,2025-06-30,5.0,18,No,No,2021,December
86,Employee 86,HR,Associate,2024-09-06,M,108111,92,86,2025-06-30,5.0,72,Yes,No,2024,September
87,Employee 87,IT,Executive,2020-07-13,M,83014,81,87,2025-06-30,2.0,52,Yes,No,2020,July
88,Employee 88,Finance,Executive,2019-12-09,M,72689,2,88,2025-06-30,4.0,0,Yes,No,2019,December
89,Employee 89,Marketing,Executive,2022-07-02,F,43522,87,89,2025-06-30,1.0,49,Yes,Yes,2022,July
90,Employee 90,Sales,Manager,2021-03-30,F,39210,12,90,2025-06-30,3.0,52,No,Yes,2021,March
91,Employee 91,HR,Analyst,2018-01-06,M,71673,40,91,2025-06-30,3.0546511627906976,15,No,No,2018,January
92,Employee 92,IT,Executive,2019-01-10,M,93295,8,92,2025-06-30,3.0,36,Yes,No,2019,January
93,Employee 93,Sales,Associate,2022-09-24,F,42616,81,93,2025-06-30,2.0,4,Yes,Yes,2022,September
94,Employee 94,Finance,Associate,2020-08-01,F,125973,71,94,2025-06-30,2.0,32,Yes,Yes,2020,August
95,Employee 95,HR,Executive,2023-07-26,M,57613,100,95,2025-06-30,2.0,44,No,No,2023,July
96,Employee 96,Sales,Associate,2022-11-18,F,54453,53,96,2025-06-30,1.0,56,Yes,No,2022,November
97,Employee 97,Finance,Associate,2023-09-30,F,82848,6,97,2025-06-30,3.0546511627906976,76,Yes,No,2023,September
98,Employee 98,Sales,Analyst,2021-10-27,F,46686,96,98,2025-06-30,5.0,48,No,No,2021,October
99,Employee 99,Marketing,Analyst,2020-07-16,M,145122,61,99,2025-06-30,2.0,80,Yes,Yes,2020,July
100,Employee 100,Sales,Associate,2022-12-21,M,47043,70,100,2025-06-30,3.0546511627906976,56,No,No,2022,December
101,Employee 101,Sales,Manager,2019-05-09,M,119826,46,101,2025-06-30,3.0,55,Yes,No,2019,May
102,Employee 102,Finance,Manager,2022-09-04,F,46681,56,102,2025-06-30,2.0,7,Yes,No,2022,September
103,Employee 103,Marketing,Manager,2018-07-24,M,110168,59,103,2025-06-30,4.0,59,Yes,No,2018,July
104,Employee 104,HR,Manager,2024-04-26,F,148046,6,104,2025-06-30,2.0,52,Yes,No,2024,April
105,Employee 105,Marketing,Associate,2019-09-14,F,105357,98,105,2025-06-30,4.0,68,No,Yes,2019,September
106,Employee 106,Finance,Executive,2021-11-14,M,50576,16,106,2025-06-30,4.0,28,No,Yes,2021,November
107,Employee 107,Finance,Associate,2023-01-26,M,51575,20,107,2025-06-30,3.0546511627906976,46,No,No,2023,January
108,Employee 108,IT,Associate,2022-10-20,M,43892,71,108,2025-06-30,5.0,76,Yes,No,2022,October
109,Employee 109,Finance,Executive,2018-08-16,F,83411,47,109,2025-06-30,3.0546511627906976,61,No,No,2018,August
110,Employee 110,Finance,Manager,2020-11-01,F,134954,67,110,2025-06-30,4.0,11,No,Yes,2020,November
111,Employee 111,HR,Manager,2018-08-17,F,31102,70,111,2025-06-30,3.0,54,Yes,No,2018,August
112,Employee 112,IT,Analyst,2018-02-20,F,119748,5,112,2025-06-30,3.0546511627906976,14,Yes,Yes,2018,February
113,Employee 113,Sales,Associate,2019-09-09,M,89479,58,113,2025-06-30,2.0,58,No,Yes,2019,September
114,Employee 114,Finance,Manager,2022-08-22,F,109497,10,114,2025-06-30,4.0,0,Yes,No,2022,August
115,Employee 115,Finance,Associate,2018-04-07,F,93398,92,115,2025-06-30,4.0,34,No,Yes,2018,April
116,Employee 116,Sales,Manager,2022-11-20,F,40453,68,116,2025-06-30,5.0,16,No,No,2022,November
117,Employee 117,Finance,Manager,2024-08-20,M,95300,52,117,2025-06-30,5.0,55,No,No,2024,August
118,Employee 118,Sales,Executive,2020-04-12,M,70551,48,118,2025-06-30,5.0,76,No,No,2020,April
119,Employee 119,Sales,Associate,2022-08-18,F,75181,13,119,2025-06-30,3.0,24,No,Yes,2022,August
120,Employee 120,IT,Analyst,2023-07-16,M,61480,88,120,2025-06-30,3.0,13,No,No,2023,July
121,Employee 121,Marketing,Associate,2018-09-05,M,134967,31,121,2025-06-30,2.0,54,No,Yes,2018,September
122,Employee 122,Sales,Executive,2018-02-12,M,36200,56,122,2025-06-30,3.0546511627906976,20,Yes,No,2018,February
123,Employee 123,Finance,Associate,2022-07-12,M,75923,52,123,2025-06-30,4.0,52,No,Yes,2022,July
124,Employee 124,Finance,Associate,2023-10-02,M,74362,50,124,2025-06-30,4.0,78,No,Yes,2023,October
125,Employee 125,Finance,Associate,2021-08-22,M,118436,38,125,2025-06-30,4.0,74,No,Yes,2021,August
126,Employee 126,Sales,Manager,2021-06-11,F,34202,25,126,2025-06-30,3.0546511627906976,38,Yes,No,2021,June
127,Employee 127,Marketing,Manager,2018-08-31,F,125343,25,127,2025-06-30,3.0546511627906976,57,Yes,Yes,2018,August
128,Employee 128,IT,Executive,2021-12-19,M,73757,71,128,2025-06-30,4.0,53,No,Yes,2021,December
129,Employee 129,Marketing,Manager,2020-07-08,F,135008,53,129,2025-06-30,4.0,49,No,No,2020,July
130,Employee 130,IT,Associate,2021-12-14,M,34134,79,130,2025-06-30,3.0,12,No,No,2021,December
131,Employee 131,Marketing,Analyst,2018-03-09,F,44145,76,131,2025-06-30,2.0,80,Yes,No,2018,March
132,Employee 132,Marketing,Associate,2018-12-01,F,141135,75,132,2025-06-30,1.0,33,Yes,No,2018,December
133,Employee 133,HR,Manager,2022-12-16,M,98113,87,133,2025-06-30,5.0,62,No,No,2022,December
134,Employee 134,IT,Manager,2019-09-10,M,115816,85,134,2025-06-30,3.0,17,Yes,No,2019,September
135,Employee 135,Marketing,Manager,2021-05-07,F,121373,4,135,2025-06-30,1.0,67,Yes,Yes,2021,May
136,Employee 136,Marketing,Manager,2024-01-30,F,32774,24,136,2025-06-30,2.0,65,No,Yes,2024,January
137,Employee 137,IT,Associate,2018-06-23,M,126964,6,137,2025-06-30,5.0,13,Yes,Yes,2018,June
138,Employee 138,HR,Analyst,2024-09-13,M,135479,32,138,2025-06-30,4.0,77,No,Yes,2024,September
139,Employee 139,Sales,Associate,2023-01-24,M,118607,33,139,2025-06-30,4.0,75,Yes,Yes,2023,January
140,Employee 140,Marketing,Analyst,2024-10-19,F,70652,86,140,2025-06-30,3.0546511627906976,45,Yes,Yes,2024,October
141,Employee 141,Marketing,Associate,2020-07-26,M,149942,24,141,2025-06-30,5.0,30,Yes,No,2020,July
142,Employee 142,Finance,Executive,2020-07-19,M,31206,11,142,2025-06-30,4.0,14,No,Yes,2020,July
143,Employee 143,Finance,Associate,2021-12-28,F,31879,6,143,2025-06-30,3.0,31,No,Yes,2021,December
144,Employee 144,Sales,Analyst,2019-05-10,F,42781,12,144,2025-06-30,5.0,60,Yes,No,2019,May
145,Employee 145,Finance,Manager,2022-10-04,M,70212,18,145,2025-06-30,4.0,66,No,No,2022,October
146,Employee 146,Marketing,Manager,2024-08-11,F,94200,71,146,2025-06-30,3.0,6,Yes,Yes,2024,August
147,Employee 147,HR,Executive,2022-12-27,F,50080,77,147,2025-06-30,4.0,72,Yes,Yes,2022,December
148,Employee 148,Marketing,Analyst,2021-10-18,F,97399,93,148,2025-06-30,1.0,42,No,No,2021,October
149,Employee 149,Finance,Manager,2021-02-04,F,45485,38,149,2025-06-30,1.0,18,No,Yes,2021,February
150,Employee 150,Finance,Executive,2019-05-25,F,97024,90,150,2025-06-30,5.0,78,No,Yes,2019,May
151,Employee 151,Finance,Associate,2019-04-14,F,120459,85,151,2025-06-30,3.0546511627906976,72,No,Yes,2019,April
152,Employee 152,IT,Manager,2022-04-22,F,58770,39,152,2025-06-30,4.0,62,No,No,2022,April
153,Employee 153,Marketing,Analyst,2018-12-20,F,76285,30,153,2025-06-30,3.0,79,Yes,Yes,2018,December
154,Employee 154,Sales,Analyst,2019-03-25,M,34412,70,154,2025-06-30,2.0,37,Yes,Yes,2019,March
155,Employee 155,Sales,Manager,2018-06-12,F,131605,20,155,2025-06-30,3.0,68,Yes,No,2018,June
156,Employee 156,Marketing,Manager,2024-05-21,F,57156,59,156,2025-06-30,2.0,79,Yes,Yes,2024,May
157,Employee 157,Marketing,Executive,2023-12-03,M,75618,87,157,2025-06-30,2.0,19,No,Yes,2023,December
158,Employee 158,HR,Analyst,2018-03-24,F,109436,62,158,2025-06-30,1.0,11,Yes,No,2018,March
159,Employee 159,HR,Associate,2018-01-08,M,44229,60,159,2025-06-30,3.0546511627906976,68,No,No,2018,January
160,Employee 160,Finance,Associate,2022-08-12,F,138442,12,160,2025-06-30,4.0,22,No,No,2022,August
161,Employee 161,Finance,Analyst,2024-04-16,M,77925,40,161,2025-06-30,2.0,62,Yes,Yes,2024,April
162,Employee 162,Sales,Analyst,2019-11-25,F,108392,76,162,2025-06-30,4.0,61,Yes,Yes,2019,November
163,Employee 163,Sales,Executive,2022-12-08,F,104830,89,163,2025-06-30,3.0546511627906976,25,Yes,Yes,2022,December
164,Employee 164,IT,Executive,2022-05-26,M,29889,80,164,2025-06-30,3.0,13,Yes,No,2022,May
165,Employee 165,Marketing,Associate,2019-11-19,M,83588,52,165,2025-06-30,3.0,66,Yes,No,2019,November
166,Employee 166,Sales,Executive,2022-12-30,F,108508,92,166,2025-06-30,1.0,53,Yes,Yes,2022,December
167,Employee 167,HR,Associate,2021-02-07,M,69147,55,167,2025-06-30,2.0,47,Yes,Yes,2021,February
168,Employee 168,Sales,Manager,2020-01-05,F,83804,72,168,2025-06-30,1.0,53,Yes,Yes,2020,January
169,Employee 169,IT,Associate,2023-12-21,F,69746,26,169,2025-06-30,3.0,75,Yes,No,2023,December
170,Employee 170,HR,Manager,2020-12-05,F,75944,68,170,2025-06-30,3.0546511627906976,27,No,No,2020,December
171,Employee 171,IT,Manager,2019-03-06,M,104769,78,171,2025-06-30,1.0,48,No,No,2019,March
172,Employee 172,Marketing,Analyst,2020-03-22,M,84938,10,172,2025-06-30,2.0,47,No,No,2020,March
173,Employee 173,IT,Analyst,2024-04-28,M,134741,42,173,2025-06-30,2.0,9,Yes,No,2024,April
174,Employee 174,Sales,Associate,2019-03-06,M,48519,49,174,2025-06-30,3.0,39,Yes,Yes,2019,March
175,Employee 175,Marketing,Executive,2022-12-23,F,41201,22,175,2025-06-30,3.0546511627906976,64,Yes,Yes,2022,December
176,Employee 176,Sales,Executive,2022-04-02,M,135422,67,176,2025-06-30,1.0,4,No,No,2022,April
177,Employee 177,Marketing,Analyst,2024-01-04,M,145029,86,177,2025-06-30,5.0,56,Yes,No,2024,January
178,Employee 178,IT,Analyst,2022-08-02,F,65574,75,178,2025-06-30,3.0,31,Yes,No,2022,August
179,Employee 179,Marketing,Manager,2023-11-15,F,146827,91,179,2025-06-30,2.0,61,No,No,2023,November
180,Employee 180,Marketing,Associate,2019-06-22,M,75562,42,180,2025-06-30,2.0,22,No,No,2019,June
181,Employee 181,HR,Executive,2023-05-05,M,80423,49,181,2025-06-30,3.0546511627906976,39,No,No,2023,May
182,Employee 182,Sales,Analyst,2022-09-12,F,78175,2,182,2025-06-30,3.0,28,Yes,Yes,2022,September
183,Employee 183,Marketing,Executive,2023-09-03,M,101324,42,183,2025-06-30,3.0,65,No,No,2023,September
184,Employee 184,Sales,Associate,2023-04-01,M,128242,87,184,2025-06-30,5.0,30,No,Yes,2023,April
185,Employee 185,IT,Analyst,2021-09-14,M,68770,82,185,2025-06-30,5.0,75,No,No,2021,September
186,Employee 186,Sales,Analyst,2018-02-02,M,102746,61,186,2025-06-30,3.0,42,No,Yes,2018,February
187,Employee 187,Sales,Associate,2019-09-16,F,26433,93,187,2025-06-30,3.0546511627906976,25,No,No,2019,September
188,Employee 188,HR,Associate,2018-08-30,M,128269,9,188,2025-06-30,2.0,33,Yes,No,2018,August
189,Employee 189,Marketing,Manager,2022-09-11,F,145193,79,189,2025-06-30,5.0,6,Yes,Yes,2022,September
190,Employee 190,IT,Analyst,2018-04-12,F,125207,86,190,2025-06-30,3.0546511627906976,44,No,Yes,2018,April
191,Employee 191,Marketing,Manager,2022-03-26,M,83899,19,191,2025-06-30,3.0546511627906976,8,Yes,No,2022,March
192,Employee 192,IT,Analyst,2021-12-21,M,87158,57,192,2025-06-30,2.0,53,No,Yes,2021,December
193,Employee 193,Marketing,Analyst,2023-01-25,M,120282,98,193,2025-06-30,4.0,21,No,No,2023,January
194,Employee 194,IT,Executive,2018-03-02,F,66643,34,194,2025-06-30,4.0,80,No,No,2018,March
195,Employee 195,Marketing,Executive,2018-06-28,F,148151,13,195,2025-06-30,3.0546511627906976,22,Yes,No,2018,June
196,Employee 196,Sales,Analyst,2022-04-23,M,59942,20,196,2025-06-30,4.0,71,Yes,Yes,2022,April
197,Employee 197,Sales,Associate,2021-01-03,F,53108,25,197,2025-06-30,1.0,43,No,No,2021,January
198,Employee 198,Finance,Analyst,2018-08-07,F,60034,52,198,2025-06-30,4.0,33,No,Yes,2018,August
199,Employee 199,Marketing,Manager,2024-08-03,F,104987,22,199,2025-06-30,2.0,40,Yes,No,2024,August
200,Employee 200,Finance,Executive,2024-06-21,M,35988,40,200,2025-06-30,2.0,55,No,No,2024,June
201,Employee 201,IT,Manager,2018-11-12,M,32739,30,201,2025-06-30,3.0546511627906976,15,Yes,Yes,2018,November
202,Employee 202,Sales,Analyst,2018-11-27,M,119882,70,202,2025-06-30,2.0,16,Yes,Yes,2018,November
203,Employee 203,Sales,Executive,2019-01-05,F,80653,12,203,2025-06-30,2.0,9,No,Yes,2019,January
204,Employee 204,HR,Executive,2022-09-11,F,119555,94,204,2025-06-30,5.0,3,Yes,Yes,2022,September
205,Employee 205,Marketing,Manager,2021-04-11,F,46369,9,205,2025-06-30,5.0,72,Yes,No,2021,April
206,Employee 206,Marketing,Analyst,2019-01-29,M,128910,70,206,2025-06-30,5.0,1,No,No,2019,January
207,Employee 207,HR,Manager,2022-09-22,M,108569,9,207,2025-06-30,1.0,19,Yes,Yes,2022,September
208,Employee 208,Marketing,Executive,2019-12-02,M,38199,52,208,2025-06-30,3.0,70,Yes,No,2019,December
209,Employee 209,IT,Associate,2023-09-15,F,36653,66,209,2025-06-30,4.0,74,No,No,2023,September
210,Employee 210,Sales,Associate,2021-09-30,M,30187,31,210,2025-06-30,2.0,57,No,Yes,2021,September
211,Employee 211,HR,Analyst,2020-07-03,M,46109,99,211,2025-06-30,2.0,67,Yes,No,2020,July
212,Employee 212,Finance,Executive,2021-12-05,M,143029,67,212,2025-06-30,1.0,47,Yes,Yes,2021,December
213,Employee 213,IT,Manager,2024-09-14,M,61472,57,213,2025-06-30,2.0,50,No,Yes,2024,September
214,Employee 214,Sales,Manager,2019-02-19,M,38764,56,214,2025-06-30,4.0,80,No,Yes,2019,February
215,Employee 215,Marketing,Analyst,2024-07-29,F,131120,88,215,2025-06-30,2.0,26,No,No,2024,July
216,Employee 216,HR,Executive,2018-08-08,F,50743,10,216,2025-06-30,5.0,73,No,No,2018,August
217,Employee 217,IT,Manager,2020-10-20,F,53439,70,217,2025-06-30,3.0546511627906976,48,Yes,Yes,2020,October
218,Employee 218,Marketing,Executive,2024-03-07,M,75773,4,218,2025-06-30,4.0,44,Yes,No,2024,March
219,Employee 219,Finance,Associate,2019-07-17,F,71695,4,219,2025-06-30,4.0,68,No,Yes,2019,July
220,Employee 220,HR,Executive,2019-05-28,M,33954,64,220,2025-06-30,3.0546511627906976,32,No,Yes,2019,May
221,Employee 221,Finance,Associate,2024-10-14,M,53918,72,221,2025-06-30,5.0,75,No,No,2024,October
222,Employee 222,HR,Manager,2022-02-25,F,58436,77,222,2025-06-30,4.0,21,No,Yes,2022,February
223,Employee 223,IT,Associate,2020-03-19,F,116579,7,223,2025-06-30,2.0,48,No,No,2020,March
224,Employee 224,IT,Associate,2023-10-28,M,58124,30,224,2025-06-30,2.0,64,Yes,No,2023,October
225,Employee 225,IT,Manager,2019-12-20,M,93069,83,225,2025-06-30,3.0546511627906976,50,No,No,2019,December
226,Employee 226,IT,Analyst,2020-10-24,F,148426,63,226,2025-06-30,4.0,77,No,No,2020,October
227,Employee 227,Sales,Associate,2020-07-11,M,71017,53,227,2025-06-30,2.0,10,Yes,No,2020,July
228,Employee 228,Sales,Manager,2022-08-17,F,69465,69,228,2025-06-30,3.0546511627906976,36,No,No,2022,August
229,Employee 229,Finance,Associate,2022-01-11,M,79138,87,229,2025-06-30,3.0546511627906976,21,Yes,No,2022,January
230,Employee 230,IT,Manager,2020-06-04,F,135167,94,230,2025-06-30,3.0546511627906976,68,No,No,2020,June
231,Employee 231,Marketing,Associate,2021-05-21,F,65731,66,231,2025-06-30,5.0,37,Yes,No,2021,May
232,Employee 232,IT,Associate,2019-10-06,F,131360,50,232,2025-06-30,4.0,61,No,No,2019,October
233, Employee 233 ,Marketing,Analyst,2022-05-25,F,60094,91,233,2025-06-30,3.0546511627906976,14,No,Yes,2022,May
234,Employee 234,HR,Associate,2023-01-17,F,59372,98,234,2025-06-30,3.0,53,Yes,No,2023,January
235,Employee 235,Marketing,Executive,2023-03-13,M,111630,96,235,2025-06-30,2.0,70,No,Yes,2023,March
236,Employee 236,HR,Manager,2023-12-01,M,55840,62,236,2025-06-30,1.0,62,No,No,2023,December
237,Employee 237,HR,Manager,2019-06-07,M,146849,83,237,2025-06-30,5.0,18,No,Yes,2019,June
238,Employee 238,Marketing,Executive,2019-11-22,F,61506,96,238,2025-06-30,5.0,4,Yes,Yes,2019,November
239,Employee 239,Sales,Executive,2019-04-14,M,117017,28,239,2025-06-30,4.0,62,No,No,2019,April
240,Employee 240,Sales,Executive,2020-07-17,M,79957,14,240,2025-06-30,5.0,18,Yes,No,2020,July
241,Employee 241,Sales,Manager,2018-12-08,F,71258,100,241,2025-06-30,5.0,51,Yes,No,2018,December
242,Employee 242,HR,Associate,2022-09-07,F,72983,64,242,2025-06-30,3.0546511627906976,76,Yes,Yes,2022,September
243,Employee 243,IT,Executive,2021-08-11,F,148533,8,243,2025-06-30,4.0,37,No,Yes,2021,August
244,Employee 244,Finance,Associate,2023-11-30,F,113498,65,244,2025-06-30,3.0,47,No,Yes,2023,November
245,Employee 245,Finance,Analyst,2021-03-14,M,65304,71,245,2025-06-30,5.0,4,No,Yes,2021,March
246,Employee 246,Sales,Executive,2021-12-12,M,149316,90,246,2025-06-30,3.0,66,No,Yes,2021,December
247,Employee 247,Finance,Executive,2024-07-08,M,136688,59,247,2025-06-30,1.0,51,Yes,Yes,2024,July
248,Employee 248,Marketing,Manager,2023-04-14,M,71090,22,248,2025-06-30,1.0,46,Yes,No,2023,April
249,Employee 249,Finance,Manager,2019-05-21,F,69395,61,249,2025-06-30,3.0,80,No,Yes,2019,May
250,Employee 250,IT,Manager,2019-11-05,M,83041,11,250,2025-06-30,2.0,70,No,No,2019,November
251,Employee 251,Finance,Executive,2022-06-15,M,35978,8,251,2025-06-30,4.0,80,Yes,No,2022,June
252,Employee 252,IT,Manager,2024-07-15,M,141519,66,252,2025-06-30,5.0,10,Yes,Yes,2024,July
253,Employee 253,Marketing,Executive,2019-01-26,M,33325,2,253,2025-06-30,4.0,61,Yes,No,2019,January
254,Employee 254,Marketing,Analyst,2020-05-03,M,83487,78,254,2025-06-30,3.0,62,No,Yes,2020,May
255,Employee 255,IT,Associate,2019-12-06,M,37246,88,255,2025-06-30,3.0546511627906976,57,No,Yes,2019,December
256,Employee 256,IT,Manager,2018-05-09,F,100327,5,256,2025-06-30,5.0,38,No,Yes,2018,May
257,Employee 257,HR,Associate,2022-11-19,F,46453,51,257,2025-06-30,4.0,9,Yes,No,2022,November
258,Employee 258,HR,Manager,2018-07-28,F,131747,86,258,2025-06-30,2.0,11,Yes,Yes,2018,July
259,Employee 259,Sales,Manager,2024-07-20,M,71889,88,259,2025-06-30,5.0,30,Yes,No,2024,July
260,Employee 260,IT,Associate,2023-06-27,M,71719,56,260,2025-06-30,3.0,38,No,No,2023,June
261,Employee 261,Finance,Manager,2019-10-11,F,89470,19,261,2025-06-30,1.0,37,Yes,Yes,2019,October
262,Employee 262,HR,Manager,2022-09-11,M,111285,78,262,2025-06-30,3.0546511627906976,32,No,Yes,2022,September
263,Employee 263,Sales,Manager,2020-10-08,M,124303,24,263,2025-06-30,1.0,0,No,Yes,2020,October
264,Employee 264,IT,Manager,2021-10-21,F,86991,8,264,2025-06-30,2.0,39,Yes,Yes,2021,October
265,Employee 265,IT,Manager,2022-10-27,F,68226,46,265,2025-06-30,5.0,30,Yes,Yes,2022,October
266,Employee 266,HR,Executive,2024-11-01,M,72602,26,266,2025-06-30,1.0,36,No,Yes,2024,November
267,Employee 267,IT,Executive,2018-01-02,M,64647,21,267,2025-06-30,3.0546511627906976,7,Yes,No,2018,January
268,Employee 268,HR,Executive,2021-03-26,F,103745,14,268,2025-06-30,2.0,34,Yes,No,2021,March
269,Employee 269,Sales,Manager,2019-04-16,M,88532,78,269,2025-06-30,5.0,50,Yes,Yes,2019,April
270,Employee 270,Marketing,Associate,2019-10-01,F,86360,15,270,2025-06-30,2.0,57,No,No,2019,October
271,Employee 271,Sales,Analyst,2022-03-24,M,71625,37,271,2025-06-30,1.0,26,No,No,2022,March
272,Employee 272,Marketing,Executive,2024-04-10,M,56765,30,272,2025-06-30,5.0,47,Yes,No,2024,April
273,Employee 273,Sales,Analyst,2020-12-17,M,97546,42,273,2025-06-30,5.0,69,No,Yes,2020,December
274,Employee 274,Finance,Analyst,2023-03-20,F,134337,38,274,2025-06-30,2.0,80,No,No,2023,March
275,Employee 275,Marketing,Executive,2023-05-08,M,128040,25,275,2025-06-30,5.0,58,No,No,2023,May
276,Employee 276,IT,Analyst,2020-04-24,M,146892,10,276,2025-06-30,3.0,54,Yes,No,2020,April
277, Employee 277 ,Marketing,Executive,2022-02-02,M,103836,50,277,2025-06-30,1.0,22,Yes,No,2022,February
278,Employee 278,HR,Manager,2021-09-18,F,65919,78,278,2025-06-30,5.0,78,No,Yes,2021,September
279,Employee 279,HR,Associate,2019-10-28,F,64609,8,279,2025-06-30,3.0,58,Yes,No,2019,October
280,Employee 280,IT,Manager,2020-09-08,M,142760,45,280,2025-06-30,5.0,15,Yes,No,2020,September
281,Employee 281,Sales,Analyst,2019-07-18,M,102467,76,281,2025-06-30,2.0,5,Yes,Yes,2019,July
282,Employee 282,IT,Manager,2018-08-29,M,146391,95,282,2025-06-30,2.0,80,Yes,Yes,2018,August
283,Employee 283,IT,Analyst,2020-06-25,M,108419,78,283,2025-06-30,2.0,9,Yes,No,2020,June
284,Employee 284,Marketing,Manager,2023-06-15,M,90713,12,284,2025-06-30,5.0,29,Yes,No,2023,June
285,Employee 285,HR,Analyst,2020-08-27,F,86722,95,285,2025-06-30,2.0,55,Yes,No,2020,August
286,Employee 286,Finance,Manager,2018-11-28,F,74728,65,286,2025-06-30,5.0,21,No,No,2018,November
287,Employee 287,IT,Associate,2023-07-11,M,36134,46,287,2025-06-30,5.0,59,No,No,2023,July
288, Employee 288 ,Marketing,Analyst,2019-05-01,F,96787,65,288,2025-06-30,5.0,67,No,No,2019,May
289,Employee 289,HR,Executive,2020-12-24,F,93067,86,289,2025-06-30,3.0546511627906976,62,No,No,2020,December
290,Employee 290,IT,Executive,2022-01-15,F,25008,55,290,2025-06-30,3.0,3,No,Yes,2022,January
291,Employee 291,Sales,Manager,2022-06-08,F,100702,98,291,2025-06-30,3.0,3,No,No,2022,June
292,Employee 292,Finance,Executive,2022-07-30,M,128817,62,292,2025-06-30,5.0,60,No,No,2022,July
293,Employee 293,Sales,Manager,2023-08-15,F,82599,29,293,2025-06-30,3.0546511627906976,0,Yes,No,2023,August
294,Employee 294,Finance,Executive,2022-08-28,M,122923,13,294,2025-06-30,3.0546511627906976,39,Yes,No,2022,August
295,Employee 295,Marketing,Executive,2021-04-20,M,114366,53,295,2025-06-30,5.0,10,Yes,Yes,2021,April
296,Employee 296,HR,Associate,2019-04-22,M,74313,71,296,2025-06-30,1.0,73,No,Yes,2019,April
297,Employee 297,HR,Executive,2019-02-21,F,74023,75,297,2025-06-30,3.0,8,No,No,2019,February
298,Employee 298,Sales,Executive,2021-08-07,F,64581,40,298,2025-06-30,2.0,2,No,No,2021,August
299,Employee 299,Finance,Associate,2022-02-23,F,141741,4,299,2025-06-30,1.0,41,No,Yes,2022,February
300,Employee 300,IT,Executive,2018-03-07,F,68063,89,300,2025-06-30,2.0,34,No,Yes,2018,March
301,Employee 301,HR,Analyst,2024-04-23,M,78720,10,301,2025-06-30,4.0,20,Yes,No,2024,April
302,Employee 302,HR,Executive,2018-01-17,F,108710,39,302,2025-06-30,3.0546511627906976,76,No,No,2018,January
303,Employee 303,IT,Executive,2022-11-22,F,121379,34,303,2025-06-30,2.0,30,No,No,2022,November
304,Employee 304,Finance,Analyst,2020-04-15,M,81341,43,304,2025-06-30,1.0,66,No,No,2020,April
305,Employee 305,Sales,Analyst,2022-07-07,M,70894,89,305,2025-06-30,3.0546511627906976,22,No,No,2022,July
306,Employee 306,HR,Associate,2021-05-13,F,90055,3,306,2025-06-30,3.0546511627906976,40,No,No,2021,May
307,Employee 307,HR,Manager,2020-03-12,M,35799,53,307,2025-06-30,1.0,78,No,No,2020,March
308,Employee 308,Sales,Executive,2021-05-13,M,25240,95,308,2025-06-30,3.0,27,No,No,2021,May
309,Employee 309,IT,Associate,2019-01-21,M,114992,87,309,2025-06-30,3.0546511627906976,76,No,No,2019,January
310,Employee 310,Finance,Associate,2022-01-15,M,93649,88,310,2025-06-30,1.0,63,Yes,No,2022,January
311,Employee 311,Marketing,Executive,2023-08-15,M,149049,4,311,2025-06-30,1.0,22,No,Yes,2023,August
312,Employee 312,Marketing,Manager,2023-04-14,F,133308,2,312,2025-06-30,3.0546511627906976,31,No,Yes,2023,April
313,Employee 313,Sales,Manager,2018-08-26,M,59931,13,313,2025-06-30,2.0,42,Yes,Yes,2018,August
314,Employee 314,Finance,Analyst,2019-06-14,F,71127,99,314,2025-06-30,5.0,2,No,Yes,2019,June
315,Employee 315,HR,Manager,2023-11-22,F,36892,33,315,2025-06-30,2.0,18,No,No,2023,November
316,Employee 316,Marketing,Manager,2018-07-19,F,104854,51,316,2025-06-30,3.0546511627906976,18,Yes,No,2018,July
317,Employee 317,HR,Associate,2023-04-06,F,128227,68,317,2025-06-30,4.0,27,Yes,No,2023,April
318,Employee 318,Sales,Executive,2022-09-11,F,98334,22,318,2025-06-30,1.0,22,Yes,Yes,2022,September
319,Employee 319,IT,Analyst,2024-04-04,F,132905,6,319,2025-06-30,3.0546511627906976,57,Yes,Yes,2024,April
320,Employee 320,Marketing,Executive,2018-06-30,M,85905,29,320,2025-06-30,3.0546511627906976,4,Yes,No,2018,June
321,Employee 321,Marketing,Analyst,2020-06-23,M,54424,4,321,2025-06-30,5.0,60,No,No,2020,June
322,Employee 322,Marketing,Manager,2023-03-04,F,31690,23,322,2025-06-30,1.0,37,Yes,Yes,2023,March
323,Employee 323,Sales,Manager,2022-02-27,F,39971,2,323,2025-06-30,3.0546511627906976,29,No,Yes,2022,February
324,Employee 324,Sales,Manager,2023-04-17,F,49723,4,324,2025-06-30,4.0,79,No,Yes,2023,April
325,Employee 325,IT,Executive,2024-03-25,F,85878,2,325,2025-06-30,5.0,70,Yes,No,2024,March
326,Employee 326,IT,Associate,2024-01-05,M,114706,19,326,2025-06-30,2.0,14,No,No,2024,January
327,Employee 327,HR,Analyst,2019-12-26,F,141858,83,327,2025-06-30,2.0,27,No,No,2019,December
328,Employee 328,Finance,Manager,2019-10-30,F,32708,91,328,2025-06-30,4.0,21,No,No,2019,October
329,Employee 329,IT,Manager,2021-03-01,M,78161,79,329,2025-06-30,2.0,23,No,No,2021,March
330,Employee 330,Marketing,Associate,2023-03-07,F,101171,41,330,2025-06-30,5.0,10,Yes,No,2023,March
331,Employee 331,Marketing,Analyst,2018-03-02,F,139218,49,331,2025-06-30,5.0,76,No,No,2018,March
332,Employee 332,HR,Executive,2023-05-16,M,76280,36,332,2025-06-30,1.0,68,Yes,No,2023,May
333,Employee 333,Sales,Manager,2020-11-09,M,109284,44,333,2025-06-30,3.0,69,Yes,Yes,2020,November
334,Employee 334,IT,Analyst,2018-01-30,F,102111,60,334,2025-06-30,5.0,12,Yes,No,2018,January
335,Employee 335,Marketing,Analyst,2023-11-26,F,68689,36,335,2025-06-30,2.0,74,No,No,2023,November
336,Employee 336,Marketing,Analyst,2023-07-18,M,102343,11,336,2025-06-30,1.0,17,Yes,No,2023,July
337,Employee 337,Finance,Executive,2020-07-14,M,130391,90,337,2025-06-30,1.0,7,No,Yes,2020,July
338,Employee 338,IT,Analyst,2021-08-19,F,72790,22,338,2025-06-30,4.0,46,No,No,2021,August
339, Employee 339 ,Marketing,Executive,2023-09-13,F,111633,68,339,2025-06-30,3.0,33,No,Yes,2023,September
340,Employee 340,HR,Analyst,2018-03-21,M,140349,53,340,2025-06-30,3.0,46,Yes,No,2018,March
341, Employee 341 ,Marketing,Associate,2019-11-09,F,139084,33,341,2025-06-30,4.0,35,No,Yes,2019,November
342, Employee 342 ,Marketing,Executive,2023-02-14,F,54389,34,342,2025-06-30,2.0,56,No,Yes,2023,February
343,Employee 343,Marketing,Executive,2019-09-13,M,79248,80,343,2025-06-30,5.0,29,Yes,No,2019,September
344,Employee 344,Sales,Analyst,2020-05-26,M,118518,12,344,2025-06-30,4.0,13,Yes,Yes,2020,May
345,Employee 345,IT,Manager,2023-01-30,F,145267,31,345,2025-06-30,1.0,66,No,Yes,2023,January
346,Employee 346,Sales,Associate,2021-12-20,F,126817,39,346,2025-06-30,5.0,52,Yes,Yes,2021,December
347,Employee 347,Finance,Associate,2018-07-29,F,104852,11,347,2025-06-30,5.0,36,No,No,2018,July
348,Employee 348,HR,Analyst,2024-06-26,F,68855,94,348,2025-06-30,5.0,64,No,No,2024,June
349,Employee 349,HR,Associate,2018-09-06,F,113689,10,349,2025-06-30,1.0,19,Yes,Yes,2018,September
350,Employee 350,HR,Manager,2020-10-31,F,142434,17,350,2025-06-30,4.0,53,Yes,No,2020,October
351,Employee 351,Marketing,Associate,2020-11-07,M,39458,13,351,2025-06-30,4.0,49,Yes,No,2020,November
352,Employee 352,IT,Associate,2021-09-25,M,108460,79,352,2025-06-30,4.0,43,Yes,Yes,2021,September
353,Employee 353,Marketing,Associate,2018-07-30,F,128541,30,353,2025-06-30,1.0,62,No,No,2018,July
354,Employee 354,Finance,Manager,2023-01-05,F,116877,67,354,2025-06-30,1.0,72,No,No,2023,January
355,Employee 355,Finance,Associate,2021-11-30,M,84706,44,355,2025-06-30,2.0,43,No,No,2021,November
356,Employee 356,IT,Executive,2018-07-28,M,59244,76,356,2025-06-30,4.0,14,No,No,2018,July
357,Employee 357,Marketing,Executive,2019-10-14,F,72763,82,357,2025-06-30,1.0,32,No,Yes,2019,October
358,Employee 358,Finance,Associate,2022-09-29,M,64790,3,358,2025-06-30,1.0,16,No,Yes,2022,September
359,Employee 359,Finance,Manager,2024-11-02,M,96894,35,359,2025-06-30,2.0,62,Yes,No,2024,November
360,Employee 360,HR,Manager,2019-01-23,M,89476,98,360,2025-06-30,2.0,74,No,Yes,2019,January
361,Employee 361,Sales,Analyst,2018-05-08,M,144854,70,361,2025-06-30,5.0,70,No,No,2018,May
362,Employee 362,Sales,Manager,2021-11-28,F,106392,48,362,2025-06-30,3.0546511627906976,52,No,No,2021,November
363,Employee 363,Sales,Analyst,2022-07-06,F,87083,22,363,2025-06-30,1.0,22,No,No,2022,July
364,Employee 364,HR,Analyst,2019-01-24,F,130207,18,364,2025-06-30,2.0,35,Yes,Yes,2019,January
365, Employee 365 ,Sales,Associate,2022-06-12,F,70231,72,365,2025-06-30,5.0,41,No,No,2022,June
366,Employee 366,IT,Executive,2018-01-17,M,70189,47,366,2025-06-30,3.0,64,Yes,No,2018,January
367,Employee 367,IT,Analyst,2019-04-02,F,122616,53,367,2025-06-30,3.0,35,No,No,2019,April
368,Employee 368,HR,Manager,2022-03-18,F,53467,64,368,2025-06-30,5.0,25,No,Yes,2022,March
369,Employee 369,IT,Analyst,2019-07-04,M,67834,29,369,2025-06-30,5.0,12,Yes,No,2019,July
370,Employee 370,IT,Manager,2019-01-22,M,143122,26,370,2025-06-30,3.0546511627906976,76,Yes,No,2019,January
371,Employee 371,Finance,Executive,2021-04-06,M,40990,42,371,2025-06-30,4.0,61,Yes,No,2021,April
372,Employee 372,IT,Associate,2024-09-20,F,132715,57,372,2025-06-30,2.0,37,No,No,2024,September
373,Employee 373,Marketing,Analyst,2020-02-05,F,133707,81,373,2025-06-30,1.0,4,No,Yes,2020,February
374,Employee 374,Marketing,Manager,2019-10-13,F,88325,65,374,2025-06-30,2.0,48,Yes,Yes,2019,October
375,Employee 375,IT,Executive,2022-12-01,F,78052,15,375,2025-06-30,2.0,36,No,No,2022,December
376,Employee 376,Finance,Associate,2020-09-28,M,113393,55,376,2025-06-30,3.0546511627906976,62,Yes,No,2020,September
377,Employee 377,Sales,Manager,2023-04-03,F,112672,50,377,2025-06-30,4.0,35,No,Yes,2023,April
378,Employee 378,Marketing,Analyst,2021-11-10,M,130082,66,378,2025-06-30,3.0546511627906976,60,Yes,No,2021,November
379,Employee 379,Sales,Manager,2021-01-14,M,92011,99,379,2025-06-30,5.0,42,No,No,2021,January
380,Employee 380,Finance,Executive,2024-05-27,F,90745,82,380,2025-06-30,2.0,4,No,No,2024,May
381,Employee 381,Finance,Analyst,2022-05-26,F,83444,31,381,2025-06-30,3.0,55,No,No,2022,May
382,Employee 382,Sales,Executive,2018-11-01,F,126694,81,382,2025-06-30,4.0,19,Yes,Yes,2018,November
383,Employee 383,Sales,Manager,2022-09-04,M,72692,48,383,2025-06-30,1.0,4,Yes,No,2022,September
384,Employee 384,HR,Manager,2022-06-13,F,144689,97,384,2025-06-30,3.0,24,Yes,No,2022,June
385,Employee 385,HR,Manager,2023-01-19,F,137204,50,385,2025-06-30,3.0,6,Yes,Yes,2023,January
386,Employee 386,IT,Executive,2023-05-25,F,50435,7,386,2025-06-30,2.0,67,Yes,No,2023,May
387,Employee 387,Marketing,Manager,2019-12-09,M,90559,48,387,2025-06-30,4.0,66,Yes,Yes,2019,December
388,Employee 388,Sales,Executive,2018-03-29,M,93062,89,388,2025-06-30,3.0,80,No,No,2018,March
389,Employee 389,Marketing,Manager,2023-01-29,F,88450,3,389,2025-06-30,4.0,4,Yes,Yes,2023,January
390,Employee 390,IT,Analyst,2022-04-04,F,84390,84,390,2025-06-30,3.0546511627906976,6,No,No,2022,April
391,Employee 391,Finance,Manager,2023-10-18,F,122154,54,391,2025-06-30,3.0,60,Yes,Yes,2023,October
392,Employee 392,Marketing,Associate,2022-08-13,M,76470,31,392,2025-06-30,5.0,12,Yes,Yes,2022,August
393,Employee 393,Marketing,Associate,2018-11-24,M,111392,97,393,2025-06-30,3.0,62,Yes,Yes,2018,November
394,Employee 394,IT,Manager,2023-04-26,F,29454,18,394,2025-06-30,1.0,37,No,Yes,2023,April
395,Employee 395,Finance,Analyst,2019-12-07,F,93200,65,395,2025-06-30,1.0,57,No,No,2019,December
396,Employee 396,Finance,Associate,2021-01-18,F,60051,21,396,2025-06-30,3.0,74,Yes,Yes,2021,January
397,Employee 397,IT,Analyst,2024-05-24,M,119560,86,397,2025-06-30,4.0,58,No,Yes,2024,May
398, Employee 398 ,HR,Analyst,2022-05-12,M,101556,90,398,2025-06-30,5.0,14,No,Yes,2022,May
399,Employee 399,Sales,Manager,2021-06-27,F,113731,36,399,2025-06-30,4.0,77,No,Yes,2021,June
400,Employee 400,Finance,Executive,2023-08-12,F,135643,48,400,2025-06-30,4.0,26,Yes,No,2023,August
401,Employee 401,HR,Manager,2018-05-05,M,32851,47,401,2025-06-30,4.0,18,Yes,Yes,2018,May
402,Employee 402,Marketing,Associate,2020-03-31,M,137340,5,402,2025-06-30,5.0,41,Yes,No,2020,March
403,Employee 403,Finance,Associate,2023-07-13,F,74502,30,403,2025-06-30,2.0,6,No,No,2023,July
404, Employee 404 ,IT,Analyst,2024-10-19,M,110472,2,404,2025-06-30,2.0,57,Yes,Yes,2024,October
405,Employee 405,Finance,Analyst,2020-04-03,F,83495,18,405,2025-06-30,3.0546511627906976,37,No,No,2020,April
406,Employee 406,Sales,Associate,2021-02-15,M,81308,31,406,2025-06-30,2.0,26,Yes,No,2021,February
407,Employee 407,Sales,Executive,2021-08-18,F,97413,36,407,2025-06-30,3.0,27,No,No,2021,August
408,Employee 408,Marketing,Analyst,2020-03-15,M,51507,67,408,2025-06-30,5.0,26,No,Yes,2020,March
409,Employee 409,HR,Analyst,2023-03-06,F,32504,60,409,2025-06-30,3.0,69,No,Yes,2023,March
410,Employee 410,IT,Executive,2019-11-03,M,37540,14,410,2025-06-30,1.0,72,Yes,Yes,2019,November
411,Employee 411,HR,Executive,2022-05-13,F,140513,78,411,2025-06-30,5.0,66,No,Yes,2022,May
412,Employee 412,Sales,Associate,2022-09-12,M,43012,83,412,2025-06-30,5.0,29,No,Yes,2022,September
413,Employee 413,Finance,Executive,2020-09-18,M,127153,50,413,2025-06-30,3.0,17,No,Yes,2020,September
414,Employee 414,Sales,Executive,2023-08-29,M,90765,56,414,2025-06-30,2.0,8,Yes,No,2023,August
415,Employee 415,Sales,Manager,2023-02-07,M,65082,63,415,2025-06-30,4.0,34,No,No,2023,February
416,Employee 416,HR,Associate,2019-06-06,F,61937,12,416,2025-06-30,3.0546511627906976,67,No,Yes,2019,June
417,Employee 417,HR,Executive,2023-05-19,F,89637,55,417,2025-06-30,3.0546511627906976,73,Yes,Yes,2023,May
418,Employee 418,Sales,Executive,2022-12-22,F,130728,57,418,2025-06-30,2.0,29,Yes,No,2022,December
419,Employee 419,Finance,Manager,2022-10-29,M,123386,51,419,2025-06-30,5.0,52,No,Yes,2022,October
420,Employee 420,Finance,Manager,2021-10-11,F,71069,23,420,2025-06-30,1.0,33,Yes,No,2021,October
421, Employee 421 ,Finance,Analyst,2022-07-21,F,61955,68,421,2025-06-30,3.0,26,No,Yes,2022,July
422,Employee 422,IT,Manager,2021-09-26,M,111334,11,422,2025-06-30,2.0,32,No,No,2021,September
423,Employee 423,IT,Analyst,2019-09-22,F,56203,22,423,2025-06-30,5.0,25,No,Yes,2019,September
424,Employee 424,Finance,Executive,2019-11-17,M,53853,82,424,2025-06-30,1.0,25,Yes,Yes,2019,November
425,Employee 425,Finance,Executive,2023-06-17,M,143352,7,425,2025-06-30,3.0,16,No,No,2023,June
426,Employee 426,Finance,Executive,2023-09-23,F,106459,15,426,2025-06-30,2.0,2,Yes,Yes,2023,September
427,Employee 427,Finance,Analyst,2021-12-01,M,114005,29,427,2025-06-30,3.0,77,No,No,2021,December
428,Employee 428,Finance,Analyst,2021-08-04,F,40444,73,428,2025-06-30,2.0,71,No,No,2021,August
429,Employee 429,Finance,Manager,2019-11-30,M,49669,10,429,2025-06-30,3.0546511627906976,9,Yes,Yes,2019,November
430,Employee 430,Marketing,Executive,2018-02-22,M,33667,36,430,2025-06-30,4.0,22,Yes,No,2018,February
431,Employee 431,IT,Manager,2019-03-12,M,96107,33,431,2025-06-30,4.0,31,Yes,Yes,2019,March
432,Employee 432,HR,Executive,2018-02-21,M,114065,71,432,2025-06-30,3.0546511627906976,8,Yes,Yes,2018,February
433,Employee 433,IT,Executive,2020-05-10,M,120460,23,433,2025-06-30,2.0,21,No,No,2020,May
434,Employee 434,Finance,Associate,2021-11-03,F,95909,51,434,2025-06-30,4.0,57,Yes,No,2021,November
435,Employee 435,IT,Executive,2024-10-27,M,83131,47,435,2025-06-30,1.0,25,Yes,Yes,2024,October
436,Employee 436,IT,Associate,2021-02-04,F,29165,36,436,2025-06-30,1.0,23,Yes,No,2021,February
437,Employee 437,Sales,Analyst,2021-04-16,F,44087,11,437,2025-06-30,5.0,77,Yes,Yes,2021,April
438,Employee 438,Finance,Executive,2018-09-28,M,42977,66,438,2025-06-30,3.0,43,Yes,Yes,2018,September
439,Employee 439,IT,Executive,2018-09-18,M,119483,62,439,2025-06-30,1.0,33,No,Yes,2018,September
440,Employee 440,Sales,Associate,2019-03-11,F,90877,66,440,2025-06-30,1.0,39,Yes,Yes,2019,March
441,Employee 441,Sales,Executive,2022-09-22,M,92222,91,441,2025-06-30,1.0,41,No,Yes,2022,September
442,Employee 442,Marketing,Analyst,2024-01-02,F,79686,84,442,2025-06-30,2.0,7,Yes,No,2024,January
443,Employee 443,IT,Executive,2022-11-17,M,99105,72,443,2025-06-30,3.0546511627906976,49,Yes,Yes,2022,November
444,Employee 444,Finance,Manager,2020-01-06,F,141325,68,444,2025-06-30,3.0546511627906976,51,No,No,2020,January
445,Employee 445,Finance,Manager,2024-04-19,M,43015,29,445,2025-06-30,5.0,77,Yes,Yes,2024,April
446, Employee 446 ,HR,Analyst,2023-04-16,F,86167,86,446,2025-06-30,3.0,0,No,Yes,2023,April
447,Employee 447,Marketing,Analyst,2019-12-29,F,79053,76,447,2025-06-30,5.0,17,No,Yes,2019,December
448,Employee 448,Finance,Manager,2023-04-13,F,118736,33,448,2025-06-30,2.0,71,No,No,2023,April
449,Employee 449,Finance,Executive,2021-10-05,M,50982,38,449,2025-06-30,2.0,61,Yes,Yes,2021,October
450,Employee 450,Finance,Associate,2020-12-04,M,30600,78,450,2025-06-30,5.0,41,Yes,No,2020,December
451,Employee 451,Sales,Associate,2020-05-24,F,142785,54,451,2025-06-30,4.0,14,Yes,No,2020,May
452,Employee 452,HR,Executive,2024-08-20,M,41384,12,452,2025-06-30,3.0,75,Yes,Yes,2024,August
453,Employee 453,IT,Associate,2020-11-13,F,50726,62,453,2025-06-30,4.0,41,No,Yes,2020,November
454,Employee 454,IT,Manager,2023-03-06,M,137629,79,454,2025-06-30,3.0,75,Yes,Yes,2023,March
455,Employee 455,Marketing,Executive,2021-07-30,M,76467,85,455,2025-06-30,5.0,35,No,No,2021,July
456,Employee 456,Finance,Executive,2020-01-26,M,42963,25,456,2025-06-30,1.0,60,No,Yes,2020,January
457,Employee 457,Finance,Executive,2020-08-14,M,105291,50,457,2025-06-30,5.0,18,Yes,No,2020,August
458,Employee 458,Finance,Executive,2023-04-27,F,70914,94,458,2025-06-30,4.0,6,No,Yes,2023,April
459,Employee 459,Marketing,Executive,2021-11-21,M,71861,22,459,2025-06-30,5.0,31,Yes,Yes,2021,November
460,Employee 460,HR,Analyst,2019-04-05,M,119011,62,460,2025-06-30,4.0,23,Yes,Yes,2019,April
461,Employee 461,Finance,Manager,2018-11-07,F,86746,34,461,2025-06-30,3.0,38,No,Yes,2018,November
462,Employee 462,Finance,Executive,2022-07-05,F,127880,4,462,2025-06-30,5.0,21,Yes,Yes,2022,July
463,Employee 463,HR,Executive,2021-11-20,F,119202,2,463,2025-06-30,4.0,57,No,Yes,2021,November
464,Employee 464,IT,Associate,2024-04-05,M,122654,53,464,2025-06-30,3.0546511627906976,23,No,No,2024,April
465,Employee 465,IT,Analyst,2020-03-17,M,83053,5,465,2025-06-30,3.0546511627906976,64,No,Yes,2020,March
466,Employee 466,Finance,Executive,2023-10-14,M,51893,86,466,2025-06-30,3.0,27,No,No,2023,October
467,Employee 467,Finance,Manager,2022-01-21,F,125869,27,467,2025-06-30,3.0,67,No,No,2022,January
468, Employee 468 ,Finance,Associate,2018-06-21,F,79664,28,468,2025-06-30,2.0,19,No,No,2018,June
469,Employee 469,Sales,Executive,2022-07-06,F,97066,45,469,2025-06-30,5.0,10,Yes,No,2022,July
470,Employee 470,Sales,Analyst,2019-02-16,M,35246,85,470,2025-06-30,2.0,75,No,No,2019,February
471,Employee 471,Finance,Associate,2021-04-25,M,53647,89,471,2025-06-30,2.0,15,No,Yes,2021,April
472,Employee 472,Finance,Executive,2019-03-28,F,29634,84,472,2025-06-30,3.0,56,Yes,No,2019,March
473,Employee 473,HR,Associate,2021-06-22,F,139504,20,473,2025-06-30,3.0546511627906976,3,Yes,No,2021,June
474,Employee 474,Sales,Manager,2021-09-30,M,86595,25,474,2025-06-30,3.0,54,Yes,Yes,2021,September
475,Employee 475,Marketing,Analyst,2023-11-02,F,30716,63,475,2025-06-30,3.0546511627906976,60,Yes,No,2023,November
476,Employee 476,HR,Executive,2023-07-25,F,130659,19,476,2025-06-30,2.0,25,No,No,2023,July
477,Employee 477,IT,Associate,2018-10-01,F,87910,73,477,2025-06-30,3.0,60,Yes,Yes,2018,October
478,Employee 478,IT,Analyst,2021-12-23,F,143143,27,478,2025-06-30,4.0,72,No,No,2021,December
479,Employee 479,IT,Executive,2019-02-01,F,45509,91,479,2025-06-30,5.0,22,Yes,Yes,2019,February
480,Employee 480,Finance,Associate,2023-10-18,M,51456,94,480,2025-06-30,2.0,48,No,No,2023,October
481,Employee 481,IT,Analyst,2024-05-24,M,97322,51,481,2025-06-30,3.0,76,Yes,No,2024,May
482,Employee 482,Sales,Manager,2019-09-29,M,145954,23,482,2025-06-30,5.0,47,No,No,2019,September
483,Employee 483,IT,Executive,2019-05-24,M,106790,90,483,2025-06-30,3.0546511627906976,65,No,Yes,2019,May
484,Employee 484,Finance,Manager,2022-06-27,M,138292,26,484,2025-06-30,2.0,50,Yes,Yes,2022,June
485,Employee 485,Sales,Manager,2022-11-24,F,115659,68,485,2025-06-30,3.0546511627906976,1,Yes,No,2022,November
486,Employee 486,IT,Analyst,2022-06-05,F,149488,35,486,2025-06-30,5.0,71,No,Yes,2022,June
487,Employee 487,HR,Associate,2021-02-18,F,74735,71,487,2025-06-30,3.0,42,Yes,No,2021,February
488,Employee 488,Marketing,Analyst,2022-03-26,M,141090,46,488,2025-06-30,5.0,75,Yes,Yes,2022,March
489,Employee 489,Marketing,Executive,2024-06-18,F,91445,85,489,2025-06-30,1.0,51,Yes,No,2024,June
490,Employee 490,Finance,Executive,2019-07-14,F,63590,69,490,2025-06-30,3.0,35,No,No,2019,July
491,Employee 491,Marketing,Executive,2024-09-10,F,57391,18,491,2025-06-30,5.0,3,Yes,No,2024,September
492,Employee 492,IT,Analyst,2023-11-26,M,109600,75,492,2025-06-30,3.0546511627906976,46,No,No,2023,November
493,Employee 493,HR,Manager,2019-07-18,M,64498,6,493,2025-06-30,3.0,68,Yes,Yes,2019,July
494,Employee 494,Finance,Analyst,2020-05-10,M,72873,16,494,2025-06-30,5.0,38,Yes,Yes,2020,May
495,Employee 495,IT,Associate,2022-10-01,M,74089,55,495,2025-06-30,3.0,16,No,Yes,2022,October
496,Employee 496,IT,Executive,2021-02-28,F,96696,2,496,2025-06-30,4.0,71,Yes,Yes,2021,February
497,Employee 497,Marketing,Executive,2022-04-13,F,85787,24,497,2025-06-30,1.0,33,Yes,Yes,2022,April
498,Employee 498,IT,Associate,2018-01-15,M,93509,38,498,2025-06-30,2.0,38,No,Yes,2018,January
499,Employee 499,Marketing,Analyst,2024-04-14,F,83236,99,499,2025-06-30,2.0,72,No,No,2024,April
500,Employee 500,Sales,Analyst,2019-11-14,F,78781,55,500,2025-06-30,3.0,79,No,Yes,2019,November
501, Employee 501 ,HR,Analyst,2022-10-12,M,81753,66,501,2025-06-30,1.0,55,Yes,Yes,2022,October
502,Employee 502,HR,Executive,2024-10-04,M,109188,76,502,2025-06-30,3.0,62,Yes,Yes,2024,October
503,Employee 503,Sales,Analyst,2018-12-05,F,89248,85,503,2025-06-30,2.0,64,Yes,Yes,2018,December
504,Employee 504,Sales,Associate,2019-08-11,F,105172,28,504,2025-06-30,3.0,48,No,No,2019,August
505,Employee 505,Sales,Executive,2019-03-14,M,76821,83,505,2025-06-30,3.0,31,Yes,No,2019,March
506,Employee 506,Sales,Executive,2020-07-26,F,75379,90,506,2025-06-30,5.0,9,No,No,2020,July
507,Employee 507,Sales,Associate,2021-07-22,F,141725,31,507,2025-06-30,4.0,34,No,Yes,2021,July
508,Employee 508,Marketing,Analyst,2019-03-29,M,30058,100,508,2025-06-30,4.0,8,Yes,No,2019,March
509,Employee 509,HR,Executive,2020-09-19,F,53541,76,509,2025-06-30,4.0,22,Yes,Yes,2020,September
510,Employee 510,Finance,Executive,2024-04-21,F,66385,63,510,2025-06-30,2.0,25,Yes,No,2024,April
511,Employee 511,IT,Manager,2018-08-10,F,80956,77,511,2025-06-30,5.0,52,Yes,Yes,2018,August
512,Employee 512,Sales,Executive,2018-07-12,F,91509,59,512,2025-06-30,2.0,79,No,No,2018,July
513,Employee 513,Sales,Associate,2024-06-04,M,137575,94,513,2025-06-30,1.0,19,Yes,No,2024,June
514,Employee 514,Finance,Analyst,2024-06-15,F,63015,71,514,2025-06-30,5.0,10,Yes,No,2024,June
515,Employee 515,Marketing,Associate,2024-03-15,F,35278,28,515,2025-06-30,3.0546511627906976,48,No,Yes,2024,March
516,Employee 516,HR,Analyst,2021-01-17,F,146344,19,516,2025-06-30,1.0,45,No,Yes,2021,January
517,Employee 517,IT,Analyst,2019-08-13,F,90075,96,517,2025-06-30,2.0,60,No,No,2019,August
518,Employee 518,IT,Executive,2020-05-11,F,51080,50,518,2025-06-30,1.0,51,No,Yes,2020,May
519,Employee 519,IT,Analyst,2020-08-29,F,143586,68,519,2025-06-30,4.0,28,Yes,Yes,2020,August
520,Employee 520,IT,Executive,2019-02-24,F,145577,4,520,2025-06-30,5.0,12,Yes,Yes,2019,February
521,Employee 521,HR,Manager,2021-07-12,M,68314,34,521,2025-06-30,4.0,10,Yes,No,2021,July
522,Employee 522,Sales,Executive,2020-02-05,M,48977,74,522,2025-06-30,1.0,45,Yes,No,2020,February
523,Employee 523,Finance,Analyst,2022-12-04,M,73861,54,523,2025-06-30,4.0,25,Yes,No,2022,December
524,Employee 524,Finance,Manager,2020-10-31,M,38124,16,524,2025-06-30,1.0,62,No,Yes,2020,October
525,Employee 525,HR,Executive,2019-08-27,F,143207,14,525,2025-06-30,1.0,40,Yes,No,2019,August
526,Employee 526,Finance,Associate,2021-07-02,F,109024,48,526,2025-06-30,2.0,27,No,Yes,2021,July
527,Employee 527,Marketing,Analyst,2021-10-09,M,109190,30,527,2025-06-30,5.0,34,Yes,Yes,2021,October
528,Employee 528,Finance,Associate,2024-03-01,F,48158,43,528,2025-06-30,5.0,5,No,No,2024,March
529,Employee 529,Marketing,Analyst,2024-10-28,M,141974,5,529,2025-06-30,1.0,63,Yes,Yes,2024,October
530,Employee 530,HR,Executive,2022-07-11,M,112178,19,530,2025-06-30,4.0,62,No,No,2022,July
531,Employee 531,Finance,Executive,2020-07-15,F,77922,51,531,2025-06-30,5.0,34,No,Yes,2020,July
532,Employee 532,Finance,Manager,2018-08-28,F,108535,40,532,2025-06-30,3.0546511627906976,33,Yes,No,2018,August
533, Employee 533 ,Sales,Executive,2018-07-27,M,105981,77,533,2025-06-30,4.0,49,No,No,2018,July
534,Employee 534,Finance,Associate,2020-06-02,M,87880,20,534,2025-06-30,3.0546511627906976,41,Yes,No,2020,June
535,Employee 535,Finance,Executive,2021-02-08,M,53373,11,535,2025-06-30,2.0,12,Yes,No,2021,February
536,Employee 536,IT,Analyst,2018-07-06,M,110204,89,536,2025-06-30,3.0,78,Yes,No,2018,July
537,Employee 537,HR,Manager,2019-11-01,M,126192,99,537,2025-06-30,1.0,56,Yes,Yes,2019,November
538,Employee 538,IT,Analyst,2018-05-05,M,85117,64,538,2025-06-30,2.0,80,No,Yes,2018,May
539,Employee 539,Sales,Executive,2021-11-29,F,31261,15,539,2025-06-30,4.0,76,No,Yes,2021,November
540,Employee 540,HR,Analyst,2021-03-17,F,142886,61,540,2025-06-30,3.0,21,No,No,2021,March
541,Employee 541,Sales,Analyst,2022-01-22,M,107142,89,541,2025-06-30,4.0,23,Yes,Yes,2022,January
542,Employee 542,Sales,Analyst,2024-09-04,M,107121,53,542,2025-06-30,3.0,76,No,Yes,2024,September
543,Employee 543,IT,Associate,2024-08-24,M,80519,25,543,2025-06-30,2.0,29,No,No,2024,August
544,Employee 544,IT,Executive,2018-10-14,F,27833,10,544,2025-06-30,1.0,44,Yes,No,2018,October
545,Employee 545,HR,Manager,2022-01-22,F,111258,1,545,2025-06-30,2.0,72,Yes,Yes,2022,January
546,Employee 546,HR,Executive,2023-01-10,M,69423,16,546,2025-06-30,3.0546511627906976,40,No,Yes,2023,January
547,Employee 547,HR,Associate,2020-10-26,M,82773,77,547,2025-06-30,2.0,66,No,No,2020,October
548,Employee 548,HR,Manager,2023-09-28,F,60528,86,548,2025-06-30,4.0,53,Yes,Yes,2023,September
549,Employee 549,Marketing,Analyst,2019-05-13,F,124478,31,549,2025-06-30,3.0546511627906976,54,No,Yes,2019,May
550,Employee 550,Sales,Associate,2018-07-17,F,96055,66,550,2025-06-30,3.0546511627906976,53,Yes,Yes,2018,July
551,Employee 551,Marketing,Analyst,2018-06-22,F,88660,24,551,2025-06-30,3.0,6,Yes,Yes,2018,June
552,Employee 552,Sales,Analyst,2020-05-31,M,72562,38,552,2025-06-30,5.0,69,No,Yes,2020,May
553,Employee 553,Marketing,Executive,2023-03-26,M,101347,69,553,2025-06-30,1.0,22,No,Yes,2023,March
554,Employee 554,HR,Associate,2023-09-21,F,81962,17,554,2025-06-30,1.0,39,No,Yes,2023,September
555,Employee 555,IT,Executive,2019-05-26,M,100577,17,555,2025-06-30,4.0,64,No,Yes,2019,May
556,Employee 556,HR,Executive,2019-11-25,M,45909,81,556,2025-06-30,1.0,57,No,No,2019,November
557,Employee 557,Marketing,Associate,2018-03-09,F,70108,65,557,2025-06-30,2.0,64,No,Yes,2018,March
558,Employee 558,Finance,Executive,2019-04-14,F,84585,35,558,2025-06-30,4.0,28,No,No,2019,April
559,Employee 559,Sales,Associate,2018-01-18,F,37827,60,559,2025-06-30,5.0,44,No,Yes,2018,January
560,Employee 560,IT,Manager,2021-07-22,F,51449,44,560,2025-06-30,5.0,60,Yes,No,2021,July
561,Employee 561,IT,Executive,2020-06-20,M,50859,61,561,2025-06-30,3.0,51,No,No,2020,June
562,Employee 562,HR,Associate,2018-01-30,F,26419,92,562,2025-06-30,2.0,21,Yes,Yes,2018,January
563,Employee 563,Finance,Executive,2023-06-02,M,142568,52,563,2025-06-30,1.0,50,Yes,Yes,2023,June
564,Employee 564,Sales,Associate,2021-07-03,M,95019,90,564,2025-06-30,1.0,70,No,No,2021,July
565,Employee 565,Finance,Associate,2024-03-28,M,138380,21,565,2025-06-30,4.0,56,Yes,Yes,2024,March
566,Employee 566,Sales,Executive,2022-05-16,F,88777,89,566,2025-06-30,5.0,37,No,No,2022,May
567,Employee 567,HR,Manager,2019-03-30,F,52038,10,567,2025-06-30,5.0,12,No,No,2019,March
568,Employee 568,HR,Manager,2019-02-16,M,138097,50,568,2025-06-30,3.0546511627906976,2,Yes,No,2019,February
569,Employee 569,Sales,Analyst,2019-03-31,F,107906,80,569,2025-06-30,4.0,2,No,Yes,2019,March
570,Employee 570,Marketing,Executive,2021-09-19,F,34057,17,570,2025-06-30,3.0546511627906976,49,No,No,2021,September
571,Employee 571,Sales,Analyst,2018-11-23,M,140136,45,571,2025-06-30,1.0,17,Yes,No,2018,November
572,Employee 572,IT,Executive,2021-02-03,F,45937,79,572,2025-06-30,4.0,71,No,Yes,2021,February
573,Employee 573,IT,Executive,2020-04-02,F,42929,77,573,2025-06-30,3.0,26,No,No,2020,April
574,Employee 574,IT,Executive,2019-01-17,F,68920,35,574,2025-06-30,4.0,56,Yes,No,2019,January
575,Employee 575,Sales,Manager,2022-03-27,M,111012,72,575,2025-06-30,5.0,15,No,No,2022,March
576,Employee 576,IT,Executive,2018-03-14,M,99477,82,576,2025-06-30,4.0,45,No,Yes,2018,March
577,Employee 577,Sales,Executive,2024-08-16,M,43966,43,577,2025-06-30,4.0,61,No,Yes,2024,August
578,Employee 578,HR,Manager,2020-11-26,F,99148,80,578,2025-06-30,5.0,28,No,Yes,2020,November
579,Employee 579,Sales,Associate,2024-06-30,M,67511,62,579,2025-06-30,4.0,24,No,No,2024,June
580,Employee 580,Sales,Executive,2024-02-19,M,26375,6,580,2025-06-30,2.0,28,Yes,No,2024,February
581,Employee 581,IT,Analyst,2023-04-22,M,33926,63,581,2025-06-30,4.0,41,No,Yes,2023,April
582,Employee 582,Finance,Analyst,2018-01-14,F,87299,19,582,2025-06-30,5.0,59,No,Yes,2018,January
583,Employee 583,Finance,Executive,2019-08-23,M,147001,36,583,2025-06-30,3.0,47,No,No,2019,August
584,Employee 584,Finance,Manager,2020-09-13,F,110724,100,584,2025-06-30,3.0,18,No,Yes,2020,September
585,Employee 585,HR,Analyst,2021-05-02,F,67932,39,585,2025-06-30,2.0,65,No,Yes,2021,May
586,Employee 586,Finance,Associate,2024-07-13,M,131602,49,586,2025-06-30,3.0,76,No,No,2024,July
587,Employee 587,IT,Manager,2020-04-16,F,148114,45,587,2025-06-30,5.0,59,No,No,2020,April
588,Employee 588,HR,Executive,2019-10-16,F,81399,17,588,2025-06-30,1.0,39,Yes,Yes,2019,October
589,Employee 589,HR,Executive,2024-02-02,M,40672,84,589,2025-06-30,5.0,42,Yes,Yes,2024,February
590,Employee 590,HR,Manager,2021-11-12,F,95629,62,590,2025-06-30,1.0,77,Yes,Yes,2021,November
591,Employee 591,Finance,Executive,2023-03-01,M,61012,69,591,2025-06-30,3.0,63,No,Yes,2023,March
592,Employee 592,IT,Associate,2020-02-02,F,30326,4,592,2025-06-30,2.0,17,No,Yes,2020,February
593,Employee 593,Marketing,Analyst,2018-07-18,M,134328,14,593,2025-06-30,5.0,6,No,No,2018,July
594,Employee 594,IT,Executive,2020-05-18,F,123402,42,594,2025-06-30,3.0,4,No,Yes,2020,May
595,Employee 595,IT,Associate,2024-10-03,M,118815,15,595,2025-06-30,4.0,13,Yes,Yes,2024,October
596,Employee 596,Marketing,Analyst,2018-03-16,F,100016,54,596,2025-06-30,2.0,53,Yes,No,2018,March
597,Employee 597,IT,Associate,2021-05-30,F,33630,55,597,2025-06-30,3.0546511627906976,50,Yes,No,2021,May
598,Employee 598,Marketing,Analyst,2019-06-26,M,51592,94,598,2025-06-30,5.0,36,Yes,Yes,2019,June
599,Employee 599,IT,Executive,2022-02-05,F,125303,76,599,2025-06-30,3.0546511627906976,75,No,No,2022,February
600,Employee 600,Sales,Executive,2022-10-21,F,93745,87,600,2025-06-30,1.0,1,No,Yes,2022,October
601,Employee 601,Sales,Analyst,2023-05-14,M,90073,48,601,2025-06-30,3.0546511627906976,15,No,Yes,2023,May
602,Employee 602,Marketing,Analyst,2021-05-10,M,50870,100,602,2025-06-30,5.0,66,No,Yes,2021,May
603,Employee 603,Finance,Analyst,2018-10-06,F,140208,19,603,2025-06-30,3.0546511627906976,67,No,No,2018,October
604,Employee 604,Sales,Associate,2018-02-22,F,45990,99,604,2025-06-30,4.0,49,No,No,2018,February
605,Employee 605,Sales,Executive,2020-12-04,F,60327,100,605,2025-06-30,4.0,19,No,Yes,2020,December
606,Employee 606,Finance,Manager,2024-03-23,F,148594,67,606,2025-06-30,2.0,46,Yes,No,2024,March
607,Employee 607,HR,Analyst,2018-07-15,F,146026,47,607,2025-06-30,3.0,62,Yes,Yes,2018,July
608,Employee 608,IT,Associate,2018-08-24,M,43448,19,608,2025-06-30,3.0546511627906976,1,Yes,Yes,2018,August
609,Employee 609,Sales,Executive,2021-09-19,F,93185,81,609,2025-06-30,5.0,55,No,No,2021,September
610,Employee 610,Sales,Analyst,2024-06-19,F,131476,42,610,2025-06-30,5.0,30,No,No,2024,June
611,Employee 611,HR,Executive,2018-07-15,M,70742,65,611,2025-06-30,3.0,74,No,Yes,2018,July
612,Employee 612,Finance,Executive,2020-03-03,M,88449,96,612,2025-06-30,5.0,61,No,No,2020,March
613,Employee 613,HR,Analyst,2020-07-05,M,109496,72,613,2025-06-30,1.0,0,Yes,No,2020,July
614,Employee 614,Marketing,Manager,2024-06-10,M,73765,89,614,2025-06-30,5.0,66,Yes,No,2024,June
615,Employee 615,Marketing,Analyst,2020-07-16,M,149611,34,615,2025-06-30,1.0,50,Yes,No,2020,July
616,Employee 616,Finance,Analyst,2022-07-20,M,26538,57,616,2025-06-30,4.0,13,Yes,Yes,2022,July
617,Employee 617,Finance,Manager,2023-02-07,M,70514,73,617,2025-06-30,5.0,79,No,No,2023,February
618,Employee 618,Finance,Manager,2023-05-27,F,135174,40,618,2025-06-30,3.0546511627906976,59,No,Yes,2023,May
619,Employee 619,Finance,Manager,2018-05-27,F,35276,7,619,2025-06-30,2.0,2,Yes,Yes,2018,May
620,Employee 620,Finance,Analyst,2021-09-16,F,53799,97,620,2025-06-30,5.0,5,Yes,No,2021,September
621,Employee 621,HR,Analyst,2023-04-22,M,79688,86,621,2025-06-30,4.0,31,Yes,No,2023,April
622,Employee 622,IT,Manager,2022-12-27,M,28909,88,622,2025-06-30,3.0,32,Yes,Yes,2022,December
623,Employee 623,Sales,Executive,2023-05-21,M,97598,74,623,2025-06-30,1.0,3,No,Yes,2023,May
624, Employee 624 ,Finance,Manager,2023-09-07,F,37308,22,624,2025-06-30,3.0,39,No,No,2023,September
625,Employee 625,IT,Associate,2018-12-30,F,32423,37,625,2025-06-30,1.0,75,Yes,Yes,2018,December
626,Employee 626,Marketing,Manager,2019-07-29,F,82754,49,626,2025-06-30,4.0,9,Yes,No,2019,July
627,Employee 627,IT,Executive,2023-02-07,M,102496,40,627,2025-06-30,2.0,53,No,No,2023,February
628,Employee 628,Sales,Associate,2020-11-11,M,139849,34,628,2025-06-30,1.0,56,No,Yes,2020,November
629,Employee 629,Marketing,Associate,2018-11-24,F,53629,32,629,2025-06-30,4.0,4,No,Yes,2018,November
630,Employee 630,Sales,Manager,2021-04-16,F,103292,90,630,2025-06-30,3.0,18,No,No,2021,April
631,Employee 631,Finance,Manager,2019-09-27,F,62663,61,631,2025-06-30,3.0546511627906976,0,Yes,Yes,2019,September
632,Employee 632,HR,Manager,2019-08-23,F,91533,89,632,2025-06-30,1.0,14,No,No,2019,August
633,Employee 633,IT,Executive,2018-02-05,M,59995,65,633,2025-06-30,4.0,75,Yes,Yes,2018,February
634,Employee 634,Sales,Executive,2019-02-15,F,87210,27,634,2025-06-30,1.0,66,No,Yes,2019,February
635,Employee 635,Finance,Executive,2023-11-03,M,50523,92,635,2025-06-30,5.0,0,No,Yes,2023,November
636,Employee 636,HR,Manager,2024-03-03,F,47429,88,636,2025-06-30,1.0,28,No,Yes,2024,March
637,Employee 637,Sales,Executive,2022-03-19,F,33144,8,637,2025-06-30,3.0,28,Yes,No,2022,March
638,Employee 638,Finance,Analyst,2024-07-11,F,110141,48,638,2025-06-30,3.0546511627906976,13,Yes,No,2024,July
639,Employee 639,IT,Executive,2023-11-28,F,80984,14,639,2025-06-30,3.0,64,Yes,No,2023,November
640,Employee 640,HR,Analyst,2018-10-26,M,115859,34,640,2025-06-30,4.0,68,No,Yes,2018,October
641,Employee 641,Finance,Executive,2024-03-24,F,109629,88,641,2025-06-30,1.0,63,No,Yes,2024,March
642,Employee 642,IT,Associate,2020-05-31,M,126467,75,642,2025-06-30,3.0,9,Yes,Yes,2020,May
643,Employee 643,Sales,Manager,2021-08-31,F,94718,32,643,2025-06-30,4.0,45,Yes,Yes,2021,August
644, Employee 644 ,Finance,Analyst,2019-08-11,F,96944,35,644,2025-06-30,3.0,42,Yes,No,2019,August
645,Employee 645,IT,Analyst,2021-08-10,M,139484,52,645,2025-06-30,4.0,54,No,Yes,2021,August
646,Employee 646,IT,Executive,2022-03-31,M,62955,61,646,2025-06-30,3.0546511627906976,49,Yes,No,2022,March
647,Employee 647,IT,Executive,2021-10-12,M,89863,4,647,2025-06-30,4.0,48,No,Yes,2021,October
648,Employee 648,HR,Associate,2019-03-22,F,136240,80,648,2025-06-30,3.0546511627906976,17,No,No,2019,March
649,Employee 649,Sales,Executive,2023-05-29,F,134095,31,649,2025-06-30,3.0,49,No,Yes,2023,May
650,Employee 650,Sales,Analyst,2020-05-13,F,118340,25,650,2025-06-30,3.0546511627906976,61,No,No,2020,May
651,Employee 651,Sales,Manager,2023-09-18,F,146926,18,651,2025-06-30,2.0,61,No,Yes,2023,September
652,Employee 652,Sales,Analyst,2022-10-02,M,121000,59,652,2025-06-30,4.0,70,Yes,No,2022,October
653,Employee 653,Marketing,Analyst,2022-09-10,F,59984,3,653,2025-06-30,5.0,2,No,No,2022,September
654,Employee 654,Marketing,Associate,2023-09-26,F,76706,97,654,2025-06-30,1.0,59,Yes,Yes,2023,September
655,Employee 655,HR,Analyst,2020-08-23,M,126485,22,655,2025-06-30,1.0,47,Yes,Yes,2020,August
656,Employee 656,Finance,Manager,2021-11-09,M,122176,72,656,2025-06-30,2.0,44,Yes,No,2021,November
657,Employee 657,Sales,Manager,2024-02-15,F,71458,31,657,2025-06-30,5.0,78,Yes,Yes,2024,February
658,Employee 658,HR,Associate,2019-01-24,F,68423,6,658,2025-06-30,1.0,29,No,No,2019,January
659,Employee 659,HR,Analyst,2018-04-08,M,144904,32,659,2025-06-30,4.0,40,Yes,Yes,2018,April
660,Employee 660,HR,Analyst,2023-09-03,M,147639,86,660,2025-06-30,3.0,7,No,Yes,2023,September
661,Employee 661,Marketing,Associate,2022-12-20,F,48111,61,661,2025-06-30,4.0,23,Yes,Yes,2022,December
662,Employee 662,Sales,Executive,2022-01-08,M,65706,22,662,2025-06-30,3.0,23,Yes,No,2022,January
663,Employee 663,Sales,Associate,2021-08-12,M,128415,6,663,2025-06-30,4.0,75,No,Yes,2021,August
664,Employee 664,Finance,Executive,2021-10-22,M,132422,40,664,2025-06-30,4.0,28,No,Yes,2021,October
665,Employee 665,IT,Associate,2021-05-22,F,86747,57,665,2025-06-30,4.0,11,No,Yes,2021,May
666,Employee 666,Marketing,Manager,2024-08-20,F,66641,42,666,2025-06-30,4.0,70,No,No,2024,August
667,Employee 667,HR,Analyst,2020-08-25,M,113286,39,667,2025-06-30,1.0,31,Yes,Yes,2020,August
668,Employee 668,Marketing,Executive,2018-12-27,F,51386,59,668,2025-06-30,4.0,32,Yes,No,2018,December
669,Employee 669,Sales,Executive,2020-11-05,F,94734,44,669,2025-06-30,3.0546511627906976,22,Yes,No,2020,November
670,Employee 670,IT,Analyst,2019-01-03,M,149527,23,670,2025-06-30,4.0,6,No,No,2019,January
671,Employee 671,HR,Executive,2020-05-31,F,46102,45,671,2025-06-30,5.0,48,Yes,Yes,2020,May
672,Employee 672,Sales,Manager,2018-10-24,M,95152,65,672,2025-06-30,1.0,66,Yes,Yes,2018,October
673,Employee 673,Finance,Manager,2024-07-01,M,92633,90,673,2025-06-30,4.0,20,No,Yes,2024,July
674,Employee 674,Finance,Executive,2024-09-20,F,109028,39,674,2025-06-30,3.0,8,No,No,2024,September
675,Employee 675,Sales,Associate,2018-02-19,M,32179,8,675,2025-06-30,3.0,28,Yes,Yes,2018,February
676,Employee 676,Sales,Manager,2019-11-22,F,67438,59,676,2025-06-30,5.0,69,Yes,No,2019,November
677,Employee 677,Marketing,Associate,2020-05-30,M,87657,69,677,2025-06-30,3.0546511627906976,48,No,No,2020,May
678,Employee 678,Sales,Analyst,2023-02-01,M,30955,99,678,2025-06-30,1.0,12,Yes,Yes,2023,February
679,Employee 679,Finance,Associate,2021-04-01,M,131988,27,679,2025-06-30,1.0,9,Yes,Yes,2021,April
680,Employee 680,Finance,Manager,2022-02-23,F,116662,65,680,2025-06-30,5.0,69,Yes,No,2022,February
681,Employee 681,HR,Associate,2024-05-15,F,140331,48,681,2025-06-30,2.0,27,Yes,No,2024,May
682,Employee 682,Marketing,Manager,2020-02-25,M,141731,69,682,2025-06-30,3.0546511627906976,67,No,No,2020,February
683,Employee 683,HR,Analyst,2022-04-11,F,51314,5,683,2025-06-30,3.0,45,Yes,No,2022,April
684,Employee 684,Finance,Manager,2020-03-17,F,86975,7,684,2025-06-30,1.0,25,Yes,No,2020,March
685,Employee 685,Marketing,Manager,2020-01-13,M,103307,77,685,2025-06-30,3.0,28,No,Yes,2020,January
686,Employee 686,IT,Associate,2023-02-19,M,73590,84,686,2025-06-30,3.0,56,No,No,2023,February
687,Employee 687,Sales,Associate,2023-05-12,F,29323,57,687,2025-06-30,5.0,37,No,No,2023,May
688,Employee 688,Finance,Associate,2019-01-06,M,83774,76,688,2025-06-30,3.0,64,No,No,2019,January
689,Employee 689,IT,Analyst,2022-01-16,M,117876,77,689,2025-06-30,3.0,77,No,Yes,2022,January
690,Employee 690,HR,Associate,2024-07-30,M,49299,4,690,2025-06-30,5.0,30,Yes,No,2024,July
691,Employee 691,Marketing,Analyst,2018-11-06,M,79360,66,691,2025-06-30,5.0,21,Yes,Yes,2018,November
692,Employee 692,HR,Manager,2020-08-09,F,32815,34,692,2025-06-30,5.0,9,No,No,2020,August
693,Employee 693,IT,Executive,2023-04-02,F,109749,61,693,2025-06-30,2.0,38,No,No,2023,April
694,Employee 694,Sales,Manager,2020-07-09,M,119677,7,694,2025-06-30,1.0,11,Yes,No,2020,July
695,Employee 695,Sales,Associate,2018-10-10,M,49169,70,695,2025-06-30,4.0,15,No,No,2018,October
696,Employee 696,Finance,Executive,2019-04-22,F,96702,56,696,2025-06-30,4.0,35,No,Yes,2019,April
697,Employee 697,HR,Executive,2018-10-07,F,116920,41,697,2025-06-30,4.0,45,Yes,No,2018,October
698,Employee 698,Marketing,Executive,2018-11-18,F,123834,100,698,2025-06-30,4.0,40,Yes,Yes,2018,November
699,Employee 699,Sales,Executive,2018-09-20,M,78046,93,699,2025-06-30,5.0,32,No,Yes,2018,September
700,Employee 700,Sales,Manager,2021-05-13,M,81517,72,700,2025-06-30,2.0,52,No,Yes,2021,May
701,Employee 701,Marketing,Analyst,2022-10-17,M,30484,38,701,2025-06-30,2.0,26,Yes,No,2022,October
702,Employee 702,IT,Manager,2021-07-16,F,88250,99,702,2025-06-30,3.0546511627906976,65,Yes,No,2021,July
703,Employee 703,Sales,Associate,2020-02-22,F,63378,95,703,2025-06-30,1.0,6,No,Yes,2020,February
704,Employee 704,HR,Executive,2022-11-07,F,123393,90,704,2025-06-30,1.0,1,Yes,Yes,2022,November
705,Employee 705,HR,Executive,2024-08-06,F,64783,98,705,2025-06-30,4.0,27,Yes,Yes,2024,August
706,Employee 706,IT,Executive,2021-12-28,M,142486,53,706,2025-06-30,1.0,26,Yes,No,2021,December
707,Employee 707,Sales,Manager,2018-04-21,F,82465,40,707,2025-06-30,1.0,23,Yes,Yes,2018,April
708,Employee 708,Sales,Analyst,2019-09-09,F,95934,51,708,2025-06-30,5.0,53,No,Yes,2019,September
709,Employee 709,Marketing,Associate,2022-12-26,F,45689,88,709,2025-06-30,4.0,62,Yes,No,2022,December
710,Employee 710,Sales,Executive,2021-08-08,M,72912,94,710,2025-06-30,5.0,12,No,Yes,2021,August
711,Employee 711,HR,Manager,2022-02-22,F,102898,100,711,2025-06-30,1.0,64,Yes,Yes,2022,February
712,Employee 712,IT,Manager,2018-03-15,F,132355,74,712,2025-06-30,3.0,24,Yes,Yes,2018,March
713, Employee 713 ,Finance,Associate,2018-03-02,F,142348,76,713,2025-06-30,3.0,17,Yes,Yes,2018,March
714,Employee 714,Marketing,Manager,2024-06-25,M,124466,8,714,2025-06-30,4.0,30,No,Yes,2024,June
715,Employee 715,Finance,Analyst,2020-06-20,F,137616,60,715,2025-06-30,4.0,28,Yes,Yes,2020,June
716,Employee 716,Marketing,Manager,2018-05-03,F,107966,24,716,2025-06-30,4.0,79,No,Yes,2018,May
717,Employee 717,Marketing,Manager,2023-09-28,M,50007,61,717,2025-06-30,4.0,31,No,No,2023,September
718,Employee 718,IT,Executive,2018-05-16,F,54776,41,718,2025-06-30,3.0546511627906976,20,No,No,2018,May
719,Employee 719,HR,Associate,2024-10-31,F,63188,83,719,2025-06-30,3.0,56,No,No,2024,October
720,Employee 720,Marketing,Analyst,2021-05-12,F,83370,24,720,2025-06-30,5.0,52,No,No,2021,May
721,Employee 721,IT,Associate,2021-03-22,M,128417,31,721,2025-06-30,2.0,75,No,No,2021,March
722,Employee 722,IT,Executive,2020-10-12,M,52415,72,722,2025-06-30,1.0,51,No,Yes,2020,October
723,Employee 723,Finance,Executive,2020-04-14,M,98792,87,723,2025-06-30,4.0,54,Yes,No,2020,April
724,Employee 724,Finance,Analyst,2023-06-02,F,47050,96,724,2025-06-30,4.0,7,Yes,No,2023,June
725,Employee 725,Finance,Associate,2021-06-11,M,120837,37,725,2025-06-30,3.0546511627906976,80,Yes,No,2021,June
726,Employee 726,Marketing,Manager,2021-07-27,M,43452,53,726,2025-06-30,3.0,57,No,Yes,2021,July
727,Employee 727,HR,Analyst,2024-06-05,F,127550,68,727,2025-06-30,5.0,67,No,No,2024,June
728,Employee 728,Sales,Executive,2021-04-20,F,78079,32,728,2025-06-30,3.0546511627906976,20,Yes,No,2021,April
729,Employee 729,IT,Manager,2020-03-24,M,148601,16,729,2025-06-30,3.0546511627906976,29,Yes,Yes,2020,March
730,Employee 730,Marketing,Analyst,2024-05-02,M,28025,75,730,2025-06-30,3.0546511627906976,80,Yes,No,2024,May
731,Employee 731,Finance,Associate,2021-03-29,F,111293,93,731,2025-06-30,1.0,2,Yes,No,2021,March
732,Employee 732,HR,Executive,2024-01-11,M,59603,95,732,2025-06-30,4.0,6,Yes,No,2024,January
733,Employee 733,Finance,Manager,2018-10-20,F,125873,19,733,2025-06-30,4.0,51,Yes,No,2018,October
734,Employee 734,Marketing,Manager,2024-05-13,M,96618,68,734,2025-06-30,4.0,16,Yes,Yes,2024,May
735,Employee 735,Finance,Executive,2020-06-10,F,34960,97,735,2025-06-30,5.0,37,Yes,No,2020,June
736,Employee 736,Marketing,Associate,2022-07-23,F,137517,35,736,2025-06-30,1.0,57,Yes,No,2022,July
737,Employee 737,Marketing,Analyst,2023-04-09,M,93290,96,737,2025-06-30,4.0,29,Yes,Yes,2023,April
738,Employee 738,IT,Analyst,2024-06-01,M,94009,7,738,2025-06-30,5.0,58,Yes,Yes,2024,June
739,Employee 739,Finance,Analyst,2022-01-12,F,35178,83,739,2025-06-30,2.0,22,Yes,Yes,2022,January
740,Employee 740,HR,Associate,2021-06-29,F,46071,65,740,2025-06-30,4.0,24,No,Yes,2021,June
741,Employee 741,Marketing,Associate,2023-05-24,M,121317,37,741,2025-06-30,2.0,0,Yes,No,2023,May
742,Employee 742,Marketing,Manager,2022-02-22,M,73714,95,742,2025-06-30,1.0,31,No,Yes,2022,February
743,Employee 743,HR,Analyst,2019-06-07,F,73898,54,743,2025-06-30,2.0,62,No,Yes,2019,June
744,Employee 744,IT,Analyst,2024-08-29,M,47503,53,744,2025-06-30,3.0546511627906976,54,Yes,Yes,2024,August
745,Employee 745,HR,Manager,2020-04-27,F,26944,19,745,2025-06-30,3.0546511627906976,53,No,Yes,2020,April
746,Employee 746,Finance,Associate,2021-03-16,F,107093,8,746,2025-06-30,3.0546511627906976,8,No,Yes,2021,March
747,Employee 747,HR,Manager,2022-09-07,M,37429,71,747,2025-06-30,2.0,76,No,Yes,2022,September
748,Employee 748,Finance,Manager,2024-02-03,M,110227,1,748,2025-06-30,2.0,33,Yes,No,2024,February
749,Employee 749,Marketing,Associate,2019-06-03,F,96675,49,749,2025-06-30,2.0,64,No,No,2019,June
750,Employee 750,Finance,Executive,2021-12-21,F,145979,34,750,2025-06-30,3.0,22,No,Yes,2021,December
751,Employee 751,Marketing,Executive,2021-03-22,F,110944,30,751,2025-06-30,4.0,50,Yes,Yes,2021,March
752,Employee 752,Marketing,Manager,2024-10-03,F,74938,17,752,2025-06-30,4.0,70,No,No,2024,October
753,Employee 753,IT,Associate,2021-02-08,F,56298,13,753,2025-06-30,4.0,18,Yes,Yes,2021,February
754,Employee 754,Finance,Executive,2019-12-12,F,101981,22,754,2025-06-30,4.0,0,Yes,Yes,2019,December
755,Employee 755,IT,Executive,2020-05-01,M,89336,59,755,2025-06-30,1.0,20,No,Yes,2020,May
756,Employee 756,Finance,Associate,2022-07-13,F,106500,35,756,2025-06-30,5.0,4,No,Yes,2022,July
757,Employee 757,Finance,Manager,2018-06-07,F,61990,44,757,2025-06-30,3.0,61,No,Yes,2018,June
758,Employee 758,IT,Analyst,2020-04-01,M,107843,53,758,2025-06-30,5.0,57,No,No,2020,April
759,Employee 759,Marketing,Manager,2024-08-01,M,56547,83,759,2025-06-30,3.0,48,No,No,2024,August
760,Employee 760,Marketing,Analyst,2020-11-27,F,117639,29,760,2025-06-30,3.0,33,Yes,Yes,2020,November
761,Employee 761,Finance,Executive,2019-11-07,F,45941,2,761,2025-06-30,3.0546511627906976,67,No,Yes,2019,November
762,Employee 762,Finance,Executive,2023-12-23,M,30163,62,762,2025-06-30,3.0,20,No,Yes,2023,December
763,Employee 763,Finance,Analyst,2021-10-13,F,81289,91,763,2025-06-30,4.0,53,No,No,2021,October
764,Employee 764,Finance,Manager,2022-05-25,F,139305,44,764,2025-06-30,3.0,80,Yes,Yes,2022,May
765,Employee 765,Sales,Associate,2019-08-09,F,62476,40,765,2025-06-30,2.0,65,Yes,No,2019,August
766,Employee 766,Marketing,Analyst,2018-04-09,F,75495,97,766,2025-06-30,4.0,33,Yes,Yes,2018,April
767,Employee 767,Sales,Executive,2024-06-01,F,111733,100,767,2025-06-30,3.0546511627906976,36,No,No,2024,June
768,Employee 768,Sales,Associate,2019-08-02,M,83309,58,768,2025-06-30,2.0,53,No,No,2019,August
769,Employee 769,HR,Executive,2020-10-16,F,105626,89,769,2025-06-30,4.0,43,Yes,No,2020,October
770,Employee 770,IT,Analyst,2022-12-27,M,116005,44,770,2025-06-30,3.0,15,Yes,Yes,2022,December
771,Employee 771,Finance,Executive,2021-03-14,F,52931,66,771,2025-06-30,1.0,19,Yes,No,2021,March
772,Employee 772,HR,Analyst,2020-12-26,M,58145,44,772,2025-06-30,2.0,80,Yes,No,2020,December
773,Employee 773,HR,Analyst,2020-09-12,M,91098,22,773,2025-06-30,2.0,43,No,No,2020,September
774,Employee 774,HR,Executive,2021-10-09,F,109442,43,774,2025-06-30,5.0,76,Yes,Yes,2021,October
775, Employee 775 ,Finance,Associate,2018-02-03,M,120019,90,775,2025-06-30,5.0,43,Yes,Yes,2018,February
776,Employee 776,HR,Manager,2022-11-28,M,131385,12,776,2025-06-30,3.0546511627906976,65,Yes,Yes,2022,November
777,Employee 777,Sales,Analyst,2018-11-02,F,140591,47,777,2025-06-30,5.0,9,No,Yes,2018,November
778,Employee 778,Sales,Analyst,2022-09-23,F,130873,41,778,2025-06-30,4.0,44,Yes,Yes,2022,September
779,Employee 779,Sales,Associate,2023-07-23,M,110265,9,779,2025-06-30,4.0,57,Yes,Yes,2023,July
780,Employee 780,Marketing,Executive,2020-11-15,M,134513,47,780,2025-06-30,4.0,12,No,No,2020,November
781,Employee 781,HR,Executive,2019-08-24,F,127592,71,781,2025-06-30,3.0,65,No,No,2019,August
782,Employee 782,Marketing,Manager,2020-07-04,M,72756,56,782,2025-06-30,4.0,10,No,No,2020,July
783,Employee 783,IT,Manager,2018-07-20,F,96912,23,783,2025-06-30,1.0,35,No,No,2018,July
784,Employee 784,IT,Analyst,2019-11-01,F,132235,41,784,2025-06-30,3.0546511627906976,28,Yes,No,2019,November
785,Employee 785,Sales,Analyst,2020-10-28,F,74070,13,785,2025-06-30,1.0,11,No,No,2020,October
786,Employee 786,HR,Associate,2019-09-03,M,101570,20,786,2025-06-30,3.0,42,Yes,Yes,2019,September
787,Employee 787,HR,Analyst,2019-08-03,F,67559,82,787,2025-06-30,1.0,5,Yes,Yes,2019,August
788,Employee 788,HR,Executive,2022-03-26,F,31151,20,788,2025-06-30,3.0,69,Yes,Yes,2022,March
789,Employee 789,IT,Analyst,2023-10-18,F,45455,9,789,2025-06-30,2.0,2,Yes,Yes,2023,October
790, Employee 790 ,Finance,Analyst,2022-07-27,F,47707,22,790,2025-06-30,3.0546511627906976,53,Yes,Yes,2022,July
791,Employee 791,Finance,Associate,2018-02-09,M,129510,97,791,2025-06-30,5.0,39,No,No,2018,February
792,Employee 792,HR,Manager,2018-08-08,M,69286,41,792,2025-06-30,2.0,46,Yes,No,2018,August
793,Employee 793,Finance,Analyst,2018-09-03,M,99248,73,793,2025-06-30,4.0,50,Yes,Yes,2018,September
794,Employee 794,Sales,Executive,2024-06-18,M,51414,65,794,2025-06-30,3.0,40,Yes,No,2024,June
795,Employee 795,Marketing,Analyst,2019-02-04,F,39143,17,795,2025-06-30,1.0,0,Yes,No,2019,February
796,Employee 796,Sales,Manager,2023-01-11,M,120611,24,796,2025-06-30,3.0546511627906976,78,No,No,2023,January
797,Employee 797,HR,Associate,2020-06-20,F,102104,30,797,2025-06-30,3.0,49,No,Yes,2020,June
798,Employee 798,HR,Manager,2019-03-07,F,128107,46,798,2025-06-30,4.0,66,No,Yes,2019,March
799,Employee 799,IT,Associate,2020-09-03,F,44769,77,799,2025-06-30,3.0,66,No,No,2020,September
800,Employee 800,Sales,Associate,2020-04-07,M,27229,90,800,2025-06-30,2.0,12,No,No,2020,April
801, Employee 801 ,Finance,Analyst,2023-01-30,M,128861,45,801,2025-06-30,5.0,69,Yes,Yes,2023,January
802,Employee 802,HR,Executive,2024-06-29,M,93542,10,802,2025-06-30,1.0,56,Yes,No,2024,June
803,Employee 803,Marketing,Associate,2022-02-27,F,41763,71,803,2025-06-30,4.0,42,Yes,Yes,2022,February
804,Employee 804,IT,Executive,2018-02-18,M,125450,35,804,2025-06-30,4.0,15,Yes,No,2018,February
805,Employee 805,Marketing,Analyst,2020-04-03,M,68241,18,805,2025-06-30,2.0,58,Yes,Yes,2020,April
806,Employee 806,Finance,Analyst,2021-09-24,M,114469,52,806,2025-06-30,3.0546511627906976,54,Yes,No,2021,September
807, Employee 807 ,Marketing,Executive,2018-10-05,F,62796,47,807,2025-06-30,4.0,32,No,No,2018,October
808,Employee 808,Marketing,Executive,2021-06-25,F,138980,85,808,2025-06-30,4.0,21,Yes,Yes,2021,June
809,Employee 809,Marketing,Manager,2018-08-01,M,134263,92,809,2025-06-30,3.0546511627906976,8,No,No,2018,August
810,Employee 810,Marketing,Analyst,2022-05-26,M,41126,35,810,2025-06-30,2.0,53,No,Yes,2022,May
811,Employee 811,Sales,Manager,2018-01-03,M,36345,86,811,2025-06-30,1.0,11,No,Yes,2018,January
812,Employee 812,HR,Analyst,2018-11-01,F,114631,91,812,2025-06-30,4.0,65,No,Yes,2018,November
813,Employee 813,Marketing,Manager,2023-06-14,M,68392,99,813,2025-06-30,3.0546511627906976,59,No,Yes,2023,June
814,Employee 814,IT,Analyst,2019-06-23,F,102689,4,814,2025-06-30,3.0546511627906976,12,Yes,Yes,2019,June
815,Employee 815,Marketing,Manager,2024-06-13,M,48209,31,815,2025-06-30,1.0,24,Yes,No,2024,June
816,Employee 816,Finance,Executive,2024-05-28,F,58423,73,816,2025-06-30,3.0546511627906976,56,Yes,No,2024,May
817,Employee 817,HR,Associate,2020-08-12,M,124820,75,817,2025-06-30,4.0,14,No,Yes,2020,August
818,Employee 818,Sales,Associate,2018-06-03,F,129989,37,818,2025-06-30,5.0,56,Yes,No,2018,June
819,Employee 819,IT,Analyst,2019-10-30,M,63204,100,819,2025-06-30,2.0,5,Yes,No,2019,October
820,Employee 820,Finance,Executive,2024-07-06,M,57092,60,820,2025-06-30,1.0,51,Yes,Yes,2024,July
821,Employee 821,Sales,Analyst,2023-05-02,F,59639,74,821,2025-06-30,3.0546511627906976,60,No,No,2023,May
822,Employee 822,Sales,Associate,2018-05-25,M,78982,50,822,2025-06-30,2.0,76,No,Yes,2018,May
823,Employee 823,IT,Executive,2021-04-15,M,129688,17,823,2025-06-30,4.0,79,No,Yes,2021,April
824,Employee 824,HR,Executive,2018-06-19,M,105269,6,824,2025-06-30,5.0,3,Yes,Yes,2018,June
825,Employee 825,IT,Executive,2022-03-16,F,60228,80,825,2025-06-30,3.0,27,No,No,2022,March
826,Employee 826,Sales,Manager,2019-07-07,F,144579,94,826,2025-06-30,2.0,66,No,Yes,2019,July
827,Employee 827,HR,Manager,2023-03-09,M,82311,63,827,2025-06-30,1.0,67,Yes,Yes,2023,March
828,Employee 828,Finance,Analyst,2021-07-16,M,134899,66,828,2025-06-30,3.0,54,No,No,2021,July
829,Employee 829,Sales,Analyst,2018-11-20,F,74621,51,829,2025-06-30,3.0,23,No,No,2018,November
830,Employee 830,Marketing,Analyst,2023-06-22,M,30800,43,830,2025-06-30,1.0,74,No,No,2023,June
831,Employee 831,Finance,Analyst,2023-05-02,M,77309,15,831,2025-06-30,3.0,22,Yes,Yes,2023,May
832,Employee 832,Marketing,Executive,2020-08-25,M,99666,21,832,2025-06-30,3.0546511627906976,33,No,Yes,2020,August
833,Employee 833,Marketing,Executive,2020-09-18,F,139861,35,833,2025-06-30,3.0,40,No,Yes,2020,September
834,Employee 834,Finance,Associate,2022-11-28,F,92065,57,834,2025-06-30,3.0546511627906976,58,No,No,2022,November
835, Employee 835 ,IT,Manager,2021-09-03,M,102587,61,835,2025-06-30,3.0,42,Yes,No,2021,September
836,Employee 836,IT,Manager,2019-11-29,F,50625,24,836,2025-06-30,3.0,11,Yes,No,2019,November
837,Employee 837,Sales,Associate,2022-04-26,M,40669,85,837,2025-06-30,5.0,16,No,No,2022,April
838,Employee 838,Marketing,Manager,2019-05-03,F,59382,27,838,2025-06-30,1.0,33,Yes,Yes,2019,May
839,Employee 839,IT,Executive,2023-06-30,M,55827,98,839,2025-06-30,5.0,5,Yes,No,2023,June
840,Employee 840,IT,Associate,2021-05-05,M,27629,46,840,2025-06-30,3.0,66,No,No,2021,May
841,Employee 841,IT,Analyst,2018-12-30,M,89286,18,841,2025-06-30,3.0546511627906976,67,No,No,2018,December
842,Employee 842,Sales,Executive,2023-01-20,F,44171,24,842,2025-06-30,1.0,80,No,Yes,2023,January
843,Employee 843,Marketing,Analyst,2022-01-03,M,72644,89,843,2025-06-30,1.0,3,Yes,Yes,2022,January
844,Employee 844,Marketing,Associate,2018-08-07,F,65532,66,844,2025-06-30,5.0,80,No,Yes,2018,August
845,Employee 845,IT,Executive,2024-03-29,F,32871,59,845,2025-06-30,3.0546511627906976,22,Yes,No,2024,March
846,Employee 846,HR,Manager,2018-08-28,M,43760,73,846,2025-06-30,3.0,71,No,Yes,2018,August
847,Employee 847,IT,Manager,2021-06-02,F,49492,3,847,2025-06-30,5.0,45,Yes,Yes,2021,June
848,Employee 848,IT,Associate,2023-07-12,F,51673,17,848,2025-06-30,4.0,62,No,Yes,2023,July
849,Employee 849,HR,Analyst,2018-11-03,F,72845,5,849,2025-06-30,2.0,33,No,No,2018,November
850,Employee 850,IT,Analyst,2023-11-05,F,71992,39,850,2025-06-30,5.0,18,Yes,Yes,2023,November
851,Employee 851,IT,Executive,2022-01-12,M,70730,15,851,2025-06-30,3.0,62,Yes,Yes,2022,January
852,Employee 852,Sales,Manager,2021-04-14,F,33618,17,852,2025-06-30,1.0,45,Yes,Yes,2021,April
853,Employee 853,IT,Executive,2022-06-28,M,126876,74,853,2025-06-30,4.0,36,No,No,2022,June
854,Employee 854,Sales,Manager,2024-10-13,M,108906,23,854,2025-06-30,5.0,28,No,Yes,2024,October
855,Employee 855,Marketing,Analyst,2022-12-30,F,139042,22,855,2025-06-30,4.0,79,No,Yes,2022,December
856,Employee 856,Sales,Manager,2023-09-19,M,77537,4,856,2025-06-30,2.0,53,No,No,2023,September
857,Employee 857,IT,Associate,2018-11-10,M,97616,18,857,2025-06-30,2.0,48,Yes,Yes,2018,November
858,Employee 858,IT,Executive,2023-01-28,M,95315,55,858,2025-06-30,5.0,78,No,Yes,2023,January
859,Employee 859,Sales,Manager,2023-10-14,M,110895,89,859,2025-06-30,4.0,17,No,No,2023,October
860,Employee 860,HR,Manager,2023-06-14,F,116016,97,860,2025-06-30,3.0546511627906976,76,Yes,Yes,2023,June
861,Employee 861,Marketing,Executive,2023-03-25,M,143148,54,861,2025-06-30,4.0,33,Yes,No,2023,March
862,Employee 862,HR,Associate,2021-09-06,F,119382,12,862,2025-06-30,5.0,36,Yes,Yes,2021,September
863,Employee 863,HR,Executive,2020-03-21,F,117957,32,863,2025-06-30,1.0,28,No,No,2020,March
864,Employee 864,IT,Executive,2021-04-21,M,63285,79,864,2025-06-30,3.0,66,No,Yes,2021,April
865,Employee 865,Marketing,Associate,2018-08-15,M,123295,95,865,2025-06-30,5.0,79,Yes,Yes,2018,August
866,Employee 866,IT,Associate,2018-09-12,F,83716,93,866,2025-06-30,2.0,16,No,No,2018,September
867,Employee 867,Finance,Associate,2022-02-26,F,120223,62,867,2025-06-30,5.0,13,No,No,2022,February
868,Employee 868,HR,Manager,2019-07-28,F,29215,70,868,2025-06-30,4.0,65,Yes,Yes,2019,July
869,Employee 869,HR,Analyst,2018-07-14,M,74603,85,869,2025-06-30,2.0,14,No,Yes,2018,July
870,Employee 870,HR,Analyst,2020-04-07,M,26362,40,870,2025-06-30,2.0,29,No,No,2020,April
871,Employee 871,IT,Executive,2021-12-21,M,121331,1,871,2025-06-30,4.0,8,Yes,No,2021,December
872,Employee 872,Marketing,Executive,2023-02-15,M,96107,65,872,2025-06-30,2.0,45,Yes,Yes,2023,February
873,Employee 873,Marketing,Associate,2023-12-05,M,38400,59,873,2025-06-30,3.0,72,Yes,No,2023,December
874,Employee 874,Sales,Executive,2023-07-23,M,141366,8,874,2025-06-30,3.0,79,No,No,2023,July
875,Employee 875,Finance,Executive,2022-02-13,M,133651,50,875,2025-06-30,4.0,18,Yes,No,2022,February
876,Employee 876,Finance,Analyst,2023-11-10,F,28113,11,876,2025-06-30,3.0,66,No,No,2023,November
877,Employee 877,Finance,Manager,2021-08-11,F,81681,46,877,2025-06-30,4.0,43,No,Yes,2021,August
878, Employee 878 ,Marketing,Manager,2021-08-18,F,34397,58,878,2025-06-30,4.0,18,Yes,No,2021,August
879,Employee 879,Marketing,Associate,2018-12-04,F,146745,93,879,2025-06-30,1.0,72,No,Yes,2018,December
880,Employee 880,Sales,Executive,2021-11-06,F,147201,34,880,2025-06-30,1.0,74,Yes,Yes,2021,November
881,Employee 881,Sales,Associate,2022-12-09,F,88440,38,881,2025-06-30,3.0,70,No,No,2022,December
882,Employee 882,Sales,Executive,2024-04-21,F,59056,75,882,2025-06-30,4.0,67,No,Yes,2024,April
883,Employee 883,HR,Associate,2020-09-14,M,45096,3,883,2025-06-30,3.0,46,Yes,Yes,2020,September
884,Employee 884,Finance,Executive,2021-06-17,M,100042,11,884,2025-06-30,1.0,72,Yes,Yes,2021,June
885,Employee 885,Sales,Associate,2022-02-20,F,144806,32,885,2025-06-30,2.0,20,Yes,Yes,2022,February
886,Employee 886,HR,Manager,2019-03-24,F,51479,80,886,2025-06-30,1.0,14,Yes,Yes,2019,March
887,Employee 887,IT,Executive,2024-03-31,M,93259,28,887,2025-06-30,3.0546511627906976,5,No,No,2024,March
888,Employee 888,Sales,Executive,2018-06-23,F,131740,87,888,2025-06-30,1.0,12,Yes,No,2018,June
889,Employee 889,Finance,Analyst,2021-06-30,M,103938,63,889,2025-06-30,2.0,31,Yes,No,2021,June
890,Employee 890,Marketing,Executive,2022-08-12,F,143385,10,890,2025-06-30,2.0,29,No,Yes,2022,August
891,Employee 891,Finance,Associate,2019-05-17,F,68536,50,891,2025-06-30,4.0,34,Yes,Yes,2019,May
892,Employee 892,Sales,Manager,2021-07-04,M,37496,61,892,2025-06-30,5.0,0,Yes,Yes,2021,July
893,Employee 893,Sales,Manager,2018-01-11,F,63833,92,893,2025-06-30,1.0,69,No,No,2018,January
894,Employee 894,IT,Analyst,2021-06-08,M,45434,20,894,2025-06-30,5.0,62,No,Yes,2021,June
895,Employee 895,HR,Analyst,2023-12-20,M,27080,93,895,2025-06-30,1.0,66,No,No,2023,December
896,Employee 896,HR,Manager,2021-07-14,M,88953,21,896,2025-06-30,1.0,19,No,No,2021,July
897,Employee 897,Finance,Analyst,2024-05-13,F,111785,90,897,2025-06-30,1.0,34,No,Yes,2024,May
898,Employee 898,HR,Associate,2020-03-25,F,112251,39,898,2025-06-30,5.0,18,Yes,No,2020,March
899,Employee 899,Sales,Executive,2018-03-17,F,63322,95,899,2025-06-30,3.0,54,No,Yes,2018,March
900,Employee 900,IT,Executive,2021-12-18,F,106426,16,900,2025-06-30,1.0,74,Yes,No,2021,December
901,Employee 901,Sales,Analyst,2021-12-11,F,119936,94,901,2025-06-30,3.0546511627906976,53,No,No,2021,December
902,Employee 902,Marketing,Associate,2021-02-22,F,39782,62,902,2025-06-30,2.0,68,Yes,Yes,2021,February
903,Employee 903,Sales,Associate,2021-09-07,F,130704,58,903,2025-06-30,3.0546511627906976,47,Yes,No,2021,September
904,Employee 904,HR,Associate,2023-02-24,F,122901,4,904,2025-06-30,5.0,9,Yes,Yes,2023,February
905,Employee 905,HR,Associate,2020-12-12,M,120921,19,905,2025-06-30,5.0,32,No,No,2020,December
906,Employee 906,Marketing,Executive,2019-07-04,F,58942,28,906,2025-06-30,3.0,12,Yes,Yes,2019,July
907,Employee 907,Finance,Manager,2024-09-08,F,144500,54,907,2025-06-30,2.0,34,No,Yes,2024,September
908,Employee 908,IT,Associate,2021-10-02,M,125854,52,908,2025-06-30,2.0,21,Yes,Yes,2021,October
909,Employee 909,HR,Manager,2018-08-05,F,41720,3,909,2025-06-30,4.0,48,No,Yes,2018,August
910,Employee 910,Marketing,Manager,2023-09-08,M,99291,28,910,2025-06-30,1.0,39,Yes,No,2023,September
911,Employee 911,HR,Executive,2021-11-17,M,67616,34,911,2025-06-30,3.0,44,No,Yes,2021,November
912,Employee 912,Marketing,Executive,2018-01-09,M,48817,71,912,2025-06-30,3.0546511627906976,55,Yes,Yes,2018,January
913,Employee 913,Finance,Associate,2019-07-27,M,148869,16,913,2025-06-30,1.0,27,No,Yes,2019,July
914,Employee 914,IT,Executive,2024-05-12,M,28920,44,914,2025-06-30,2.0,71,Yes,No,2024,May
915,Employee 915,IT,Executive,2019-07-16,F,88886,52,915,2025-06-30,1.0,45,No,No,2019,July
916,Employee 916,Finance,Associate,2024-09-07,M,50959,5,916,2025-06-30,5.0,26,Yes,No,2024,September
917,Employee 917,HR,Executive,2019-09-19,F,29563,81,917,2025-06-30,2.0,15,Yes,Yes,2019,September
918,Employee 918,HR,Associate,2021-07-12,F,119224,19,918,2025-06-30,5.0,41,Yes,Yes,2021,July
919,Employee 919,Finance,Analyst,2023-03-01,F,84189,48,919,2025-06-30,2.0,57,No,No,2023,March
920,Employee 920,IT,Analyst,2018-07-02,M,64002,51,920,2025-06-30,5.0,1,Yes,Yes,2018,July
921,Employee 921,IT,Analyst,2020-11-20,M,147091,83,921,2025-06-30,5.0,39,No,No,2020,November
922,Employee 922,Finance,Executive,2022-09-18,M,40064,76,922,2025-06-30,3.0546511627906976,39,Yes,No,2022,September
923,Employee 923,IT,Associate,2024-10-31,F,102762,12,923,2025-06-30,2.0,5,Yes,No,2024,October
924,Employee 924,Sales,Associate,2021-05-25,F,138192,16,924,2025-06-30,1.0,53,Yes,No,2021,May
925,Employee 925,IT,Executive,2021-04-07,M,143847,56,925,2025-06-30,5.0,78,Yes,Yes,2021,April
926,Employee 926,HR,Associate,2019-11-23,M,137126,48,926,2025-06-30,1.0,34,Yes,Yes,2019,November
927,Employee 927,Finance,Analyst,2019-02-16,M,90057,89,927,2025-06-30,5.0,32,No,No,2019,February
928,Employee 928,HR,Associate,2020-09-02,M,81099,80,928,2025-06-30,4.0,3,No,Yes,2020,September
929,Employee 929,Marketing,Analyst,2018-09-02,M,111935,86,929,2025-06-30,2.0,47,Yes,No,2018,September
930,Employee 930,Finance,Analyst,2022-09-03,M,70593,97,930,2025-06-30,5.0,68,Yes,Yes,2022,September
931,Employee 931,Finance,Associate,2020-12-28,M,40083,14,931,2025-06-30,5.0,47,Yes,No,2020,December
932,Employee 932,Finance,Associate,2019-03-25,F,137457,37,932,2025-06-30,3.0,23,Yes,Yes,2019,March
933,Employee 933,HR,Manager,2020-12-16,M,79491,12,933,2025-06-30,1.0,73,No,Yes,2020,December
934,Employee 934,Sales,Associate,2022-09-24,M,121067,96,934,2025-06-30,3.0546511627906976,1,No,Yes,2022,September
935,Employee 935,Sales,Associate,2018-09-21,M,32287,81,935,2025-06-30,5.0,76,No,Yes,2018,September
936,Employee 936,Finance,Executive,2024-10-09,F,47391,34,936,2025-06-30,3.0546511627906976,25,Yes,No,2024,October
937,Employee 937,Finance,Executive,2018-09-29,M,91716,14,937,2025-06-30,1.0,65,No,Yes,2018,September
938,Employee 938,Finance,Manager,2018-05-30,M,116960,89,938,2025-06-30,5.0,36,Yes,No,2018,May
939,Employee 939,IT,Analyst,2024-09-10,M,135178,87,939,2025-06-30,2.0,50,Yes,No,2024,September
940,Employee 940,Sales,Executive,2019-02-23,M,142050,88,940,2025-06-30,3.0546511627906976,29,Yes,No,2019,February
941,Employee 941,IT,Analyst,2023-03-19,M,32037,46,941,2025-06-30,2.0,52,No,Yes,2023,March
942,Employee 942,HR,Associate,2019-07-02,M,149475,63,942,2025-06-30,1.0,66,Yes,No,2019,July
943,Employee 943,Finance,Executive,2023-03-07,F,25899,95,943,2025-06-30,4.0,41,No,No,2023,March
944,Employee 944,Sales,Manager,2020-01-04,M,129750,52,944,2025-06-30,5.0,18,No,No,2020,January
945,Employee 945,HR,Manager,2021-09-04,F,82093,28,945,2025-06-30,4.0,3,Yes,No,2021,September
946,Employee 946,HR,Executive,2023-05-26,M,114168,41,946,2025-06-30,1.0,43,No,No,2023,May
947,Employee 947,Finance,Executive,2023-06-24,M,131456,91,947,2025-06-30,5.0,25,Yes,No,2023,June
948,Employee 948,Finance,Executive,2022-01-16,F,141975,51,948,2025-06-30,1.0,13,Yes,No,2022,January
949,Employee 949,Sales,Associate,2020-06-19,F,129246,88,949,2025-06-30,4.0,70,No,No,2020,June
950,Employee 950,HR,Analyst,2021-03-14,F,61101,40,950,2025-06-30,4.0,63,No,Yes,2021,March
951,Employee 951,Marketing,Executive,2024-08-29,F,112229,57,951,2025-06-30,1.0,73,No,No,2024,August
952,Employee 952,Finance,Associate,2024-05-31,M,117423,9,952,2025-06-30,3.0546511627906976,14,Yes,Yes,2024,May
953,Employee 953,Finance,Associate,2018-03-23,F,34554,23,953,2025-06-30,5.0,65,Yes,Yes,2018,March
954,Employee 954,Finance,Analyst,2020-09-22,F,93164,2,954,2025-06-30,5.0,52,No,Yes,2020,September
955,Employee 955,Marketing,Manager,2021-10-23,F,88945,18,955,2025-06-30,2.0,66,Yes,No,2021,October
956,Employee 956,Sales,Analyst,2021-06-19,F,26300,15,956,2025-06-30,3.0,21,No,Yes,2021,June
957,Employee 957,IT,Analyst,2022-02-20,F,31544,61,957,2025-06-30,3.0546511627906976,2,Yes,No,2022,February
958,Employee 958,HR,Manager,2019-02-18,F,47057,79,958,2025-06-30,3.0546511627906976,58,Yes,No,2019,February
959,Employee 959,IT,Analyst,2021-04-23,M,134201,68,959,2025-06-30,4.0,11,No,Yes,2021,April
960,Employee 960,Finance,Analyst,2024-07-09,F,118788,32,960,2025-06-30,3.0546511627906976,76,No,No,2024,July
961,Employee 961,Marketing,Manager,2022-12-14,F,43582,22,961,2025-06-30,3.0,76,Yes,No,2022,December
962,Employee 962,Marketing,Analyst,2023-12-05,F,90994,40,962,2025-06-30,2.0,39,Yes,No,2023,December
963, Employee 963 ,Sales,Manager,2022-11-23,M,133285,20,963,2025-06-30,4.0,17,No,Yes,2022,November
964,Employee 964,IT,Manager,2018-08-31,F,56999,3,964,2025-06-30,1.0,74,No,No,2018,August
965,Employee 965,HR,Associate,2020-09-30,M,106277,21,965,2025-06-30,4.0,38,Yes,Yes,2020,September
966,Employee 966,Finance,Associate,2023-07-20,M,66964,62,966,2025-06-30,1.0,57,Yes,No,2023,July
967,Employee 967,Finance,Manager,2022-06-13,M,136808,57,967,2025-06-30,1.0,6,Yes,Yes,2022,June
968,Employee 968,Finance,Manager,2021-08-12,M,50467,75,968,2025-06-30,2.0,80,Yes,No,2021,August
969,Employee 969,Marketing,Manager,2024-04-11,M,76401,23,969,2025-06-30,4.0,53,Yes,Yes,2024,April
970,Employee 970,Marketing,Analyst,2022-04-09,M,89254,92,970,2025-06-30,2.0,63,Yes,No,2022,April
971,Employee 971,Marketing,Associate,2022-01-27,F,101411,32,971,2025-06-30,4.0,71,Yes,Yes,2022,January
972,Employee 972,Sales,Executive,2020-01-29,M,84084,76,972,2025-06-30,4.0,31,Yes,No,2020,January
973,Employee 973,Marketing,Manager,2019-12-13,M,47252,51,973,2025-06-30,2.0,72,Yes,No,2019,December
974,Employee 974,Sales,Associate,2024-10-01,F,37158,89,974,2025-06-30,3.0546511627906976,61,No,No,2024,October
975,Employee 975,Finance,Analyst,2023-03-21,M,75064,60,975,2025-06-30,2.0,12,No,No,2023,March
976,Employee 976,Finance,Executive,2020-11-29,F,148172,14,976,2025-06-30,3.0546511627906976,7,No,No,2020,November
977,Employee 977,Marketing,Associate,2021-09-03,F,63256,71,977,2025-06-30,1.0,56,No,Yes,2021,September
978,Employee 978,Finance,Manager,2023-06-13,M,120470,78,978,2025-06-30,3.0,48,Yes,No,2023,June
979,Employee 979,HR,Executive,2018-07-05,M,47938,3,979,2025-06-30,4.0,37,No,No,2018,July
980,Employee 980,HR,Analyst,2019-03-07,F,64462,30,980,2025-06-30,3.0,16,Yes,Yes,2019,March
981,Employee 981,Finance,Executive,2021-04-06,M,114435,20,981,2025-06-30,4.0,1,Yes,Yes,2021,April
982,Employee 982,Finance,Associate,2020-06-23,M,111900,44,982,2025-06-30,5.0,68,No,Yes,2020,June
983,Employee 983,Sales,Analyst,2024-06-19,F,147615,76,983,2025-06-30,2.0,30,No,No,2024,June
984,Employee 984,Marketing,Associate,2020-03-09,M,112083,83,984,2025-06-30,3.0546511627906976,21,No,No,2020,March
985,Employee 985,Sales,Manager,2021-09-19,M,64544,11,985,2025-06-30,5.0,17,Yes,No,2021,September
986,Employee 986,Marketing,Manager,2021-02-19,M,124122,8,986,2025-06-30,5.0,57,Yes,No,2021,February
987,Employee 987,IT,Associate,2019-01-08,F,124519,3,987,2025-06-30,3.0546511627906976,66,No,Yes,2019,January
988,Employee 988,Sales,Manager,2022-08-03,M,28754,15,988,2025-06-30,3.0546511627906976,54,No,Yes,2022,August
989,Employee 989,Marketing,Executive,2022-09-14,M,93719,80,989,2025-06-30,4.0,15,No,Yes,2022,September
990,Employee 990,Finance,Executive,2018-03-07,F,84312,88,990,2025-06-30,4.0,54,No,Yes,2018,March
991,Employee 991,HR,Analyst,2021-10-14,M,104028,34,991,2025-06-30,3.0546511627906976,55,No,No,2021,October
992,Employee 992,Sales,Manager,2022-12-29,M,86291,20,992,2025-06-30,1.0,22,No,No,2022,December
993, Employee 993 ,IT,Analyst,2018-10-08,F,100624,35,993,2025-06-30,4.0,52,No,No,2018,October
994,Employee 994,IT,Manager,2023-12-14,F,126146,93,994,2025-06-30,2.0,72,Yes,No,2023,December
995,Employee 995,Finance,Analyst,2022-03-13,F,137488,31,995,2025-06-30,1.0,27,Yes,No,2022,March
996,Employee 996,IT,Manager,2018-01-31,F,63353,16,996,2025-06-30,4.0,40,Yes,Yes,2018,January
997,Employee 997,IT,Associate,2022-10-06,F,28584,7,997,2025-06-30,4.0,76,Yes,No,2022,October
998,Employee 998,IT,Analyst,2021-01-27,F,56269,39,998,2025-06-30,3.0,54,Yes,Yes,2021,January
999,Employee 999,Sales,Manager,2018-03-26,F,136003,26,999,2025-06-30,2.0,52,Yes,No,2018,March
1000,Employee 1000,Sales,Associate,2019-11-28,M,107665,96,1000,2025-06-30,2.0,46,Yes,No,2019,November
